key,date,team,name,notes
SmithJ20181019,2018-10-19, Cavaliers,J.R. Smith, returned to lineup
KornetL20181019,2018-10-19, Knicks,Luke Kornet, activated from IL
CrabbeA20181019,2018-10-19, Nets,Allen Crabbe, activated from IL
JohnsonA20181019,2018-10-19, Pacers,Alize Johnson, activated from IL
BoucherC20181019,2018-10-19, Raptors,Chris Boucher, returned to lineup
WilcoxC20181019,2018-10-19, Pacers,C.J. Wilcox, activated from IL
WilliamsR20181020,2018-10-20, Celtics,Robert Williams III, activated from IL
GrahamD20181020,2018-10-20, Hornets,Devonte' Graham, activated from IL
FrazierM20181020,2018-10-20, Magic,Melvin Frazier Jr., activated from IL
BullockR20181020,2018-10-20, Pistons,Reggie Bullock, returned to lineup
JohnsonS20181020,2018-10-20, Pistons,Stanley Johnson, returned to lineup
NanceL20181021,2018-10-21, Cavaliers,Larry Nance Jr., activated from IL
SpellmanO20181021,2018-10-21, Hawks,Omari Spellman, returned to lineup
WestbrookR20181021,2018-10-21, Thunder,Russell Westbrook, returned to lineup
IguodalaA20181021,2018-10-21, Warriors,Andre Iguodala, activated from IL
AsikO20181021,2018-10-21, Bulls,Omer Asik, returned to lineup
DunnK20181022,2018-10-22, Bulls,Kris Dunn, activated from IL
HaywardG20181022,2018-10-22, Celtics,Gordon Hayward, activated from IL
RabbI20181022,2018-10-22, Grizzlies,Ivan Rabb, activated from IL
SimmonsJ20181022,2018-10-22, Magic,Jonathon Simmons, activated from IL
SabonisD20181022,2018-10-22, Pacers,Domantas Sabonis, activated from IL
LeonardK20181022,2018-10-22, Raptors,Kawhi Leonard, activated from IL
MeltonD20181022,2018-10-22, Suns,De'Anthony Melton, activated from IL
DanielsT20181022,2018-10-22, Suns,Troy Daniels, returned to lineup
ButlerJ20181022,2018-10-22, Timberwolves,Jimmy Butler, activated from IL
LeeD20181022,2018-10-22, Warriors,Damion Lee, returned to lineup
CarusoA20181022,2018-10-22, Lakers,Alex Caruso, returned to lineup
MuscalaM20181023,2018-10-23, 76ers,Mike Muscala, activated from IL
LeuerJ20181023,2018-10-23, Pistons,Jon Leuer, activated from IL
SimmonsB20181024,2018-10-24, 76ers,Ben Simmons, activated from IL
FelicioC20181024,2018-10-24, Bulls,Cristiano Felicio, returned to lineup
NwabaD20181024,2018-10-24, Cavaliers,David Nwaba, activated from IL
DedmonD20181024,2018-10-24, Hawks,Dewayne Dedmon, activated from IL
Hollis-JeffersonR20181024,2018-10-24, Nets,Rondae Hollis-Jefferson, returned to lineup
NapierS20181024,2018-10-24, Nets,Shabazz Napier, activated from IL
LeafT20181024,2018-10-24, Pacers,T.J. Leaf, returned to lineup
WrightD20181024,2018-10-24, Raptors,Delon Wright, returned to lineup
LivingstonS20181024,2018-10-24, Warriors,Shaun Livingston, activated from IL
DellavedovaM20181026,2018-10-26, Bucks,Matthew Dellavedova, activated from IL
ShumpertI20181026,2018-10-26, Kings,Iman Shumpert, activated from IL
BarnesH20181026,2018-10-26, Mavericks,Harrison Barnes, returned to lineup
NaderA20181026,2018-10-26, Thunder,Abdel Nader, activated from IL
MahinmiI20181026,2018-10-26, Wizards,Ian Mahinmi, returned to lineup
WagnerM20181026,2018-10-26, Lakers,Moritz Wagner, returned to lineup
WilliamsA20181026,2018-10-26, Nets,Alan Williams, returned to lineup
WatanabeY20181027,2018-10-27, Grizzlies,Yuta Watanabe, activated from IL
AdamsJ20181027,2018-10-27, Hawks,Jaylen Adams, activated from IL
JonesD20181027,2018-10-27, Heat,Derrick Jones Jr., activated from IL
WinslowJ20181027,2018-10-27, Heat,Justise Winslow, activated from IL
EllingtonW20181027,2018-10-27, Heat,Wayne Ellington, returned to lineup
GrahamD20181027,2018-10-27, Hornets,Devonte' Graham, activated from IL
JohnsonA20181027,2018-10-27, Pacers,Alize Johnson, activated from IL
EllensonH20181027,2018-10-27, Pistons,Henry Ellenson, activated from IL
SmithD20181028,2018-10-28, Mavericks,Dennis Smith Jr., returned to lineup
FariedK20181028,2018-10-28, Nets,Kenneth Faried, returned to lineup
KoufosK20181029,2018-10-29, Kings,Kosta Koufos, activated from IL
MudiayE20181029,2018-10-29, Knicks,Emmanuel Mudiay, activated from IL
BoucherC20181029,2018-10-29, Raptors,Chris Boucher, activated from IL
WrightD20181029,2018-10-29, Raptors,Delon Wright, returned to lineup
DavisA20181029,2018-10-29, Pelicans,Anthony Davis, activated from IL
BaynesA20181030,2018-10-30, Celtics,Aron Baynes, activated from IL
Tony(20181030,2018-10-30, Hornets,(William) Tony Parker, activated from IL
LabissiereS20181030,2018-10-30, Kings,Skal Labissiere, activated from IL
LeonardK20181030,2018-10-30, Raptors,Kawhi Leonard, activated from IL
ChrissM20181030,2018-10-30, Rockets,Marquese Chriss, returned to lineup
QiZ20181030,2018-10-30, Rockets,Zhou Qi, returned to lineup
AdamsS20181030,2018-10-30, Thunder,Steven Adams, activated from IL
FavorsD20181031,2018-10-31, Jazz,Derrick Favors, activated from IL
DavisA20181031,2018-10-31, Pelicans,Anthony Davis, returned to lineup
MeltonD20181031,2018-10-31, Suns,De'Anthony Melton, activated from IL
WigginsA20181031,2018-10-31, Timberwolves,Andrew Wiggins, activated from IL
HamiltonD20181031,2018-10-31, Hawks,Daniel Hamilton, returned to lineup
AntetokounmpoG20181101,2018-11-01, Bucks,Giannis Antetokounmpo, activated from IL
PoythressA20181101,2018-11-01, Hawks,Alex Poythress, activated from IL
ShumpertI20181101,2018-11-01, Kings,Iman Shumpert, activated from IL
ParsonsC20181102,2018-11-02, Grizzlies,Chandler Parsons, activated from IL
FrazierM20181102,2018-11-02, Magic,Melvin Frazier Jr., activated from IL
VanVleetF20181102,2018-11-02, Raptors,Fred VanVleet, activated from IL
AnunobyO20181102,2018-11-02, Raptors,Ogugua Anunoby, activated from IL
EnnisJ20181102,2018-11-02, Rockets,James Ennis, activated from IL
BookerD20181102,2018-11-02, Suns,Devin Booker, activated from IL
CanaanI20181102,2018-11-02, Suns,Isaiah Canaan, returned to lineup
ButlerJ20181102,2018-11-02, Timberwolves,Jimmy Butler, activated from IL
JonesT20181102,2018-11-02, Timberwolves,Tyus Jones, returned to lineup
HowardD20181102,2018-11-02, Wizards,Dwight Howard, activated from IL
MorrisM20181102,2018-11-02, Wizards,Markieff Morris, activated from IL
KurucsR20181102,2018-11-02, Nets,Rodions Kurucs, activated from IL
GreenJ20181102,2018-11-02, Grizzlies,JaMychal Green, activated from IL
ChandlerW20181103,2018-11-03, 76ers,Wilson Chandler, activated from IL
TrentG20181103,2018-11-03, Blazers,Gary Trent Jr., activated from IL
BrownJ20181103,2018-11-03, Celtics,Jaylen Brown, activated from IL
MitchellD20181103,2018-11-03, Jazz,Donovan Mitchell, activated from IL
DavisA20181103,2018-11-03, Pelicans,Anthony Davis, returned to lineup
MillerD20181103,2018-11-03, Pelicans,Darius Miller, activated from IL
HardenJ20181103,2018-11-03, Rockets,James Harden, IL
WilliamsT20181104,2018-11-04, Kings,Troy Williams, returned to lineup
SimmonsJ20181104,2018-11-04, Magic,Jonathon Simmons, activated from IL
RichardsonM20181104,2018-11-04, Raptors,Malachi Richardson, activated from IL
MeltonD20181104,2018-11-04, Suns,De'Anthony Melton, activated from IL
McRaeJ20181104,2018-11-04, Wizards,Jordan McRae, activated from IL
KurucsR20181104,2018-11-04, Nets,Rodions Kurucs, returned to lineup
DragicG20181105,2018-11-05, Heat,Goran Dragic, returned to lineup
BurksA20181105,2018-11-05, Jazz,Alec Burks, returned to lineup
KnoxK20181105,2018-11-05, Knicks,Kevin Knox, returned to lineup
RoseD20181105,2018-11-05, Timberwolves,Derrick Rose, returned to lineup
ButlerJ20181105,2018-11-05, Timberwolves,Jimmy Butler, activated from IL
WoodC20181106,2018-11-06, Bucks,Christian Wood, returned to lineup
WarrenT20181106,2018-11-06, Suns,T.J. Warren, activated from IL
PorterO20181106,2018-11-06, Wizards,Otto Porter Jr., activated from IL
ChandlerW20181107,2018-11-07, 76ers,Wilson Chandler, activated from IL
PrinceT20181107,2018-11-07, Hawks,Taurean Prince, activated from IL
WhitesideH20181107,2018-11-07, Heat,Hassan Whiteside, returned to lineup
MitchellD20181107,2018-11-07, Jazz,Donovan Mitchell, returned to lineup
MitchellD20181107,2018-11-07, Jazz,Donovan Mitchell, activated from IL
BogdanovicB20181107,2018-11-07, Kings,Bogdan Bogdanovic, returned to lineup
HardawayT20181107,2018-11-07, Knicks,Tim Hardaway Jr., returned to lineup
BeasleyM20181107,2018-11-07, Lakers,Michael Beasley, returned to lineup
BullockR20181107,2018-11-07, Pistons,Reggie Bullock, activated from IL
LeonardK20181107,2018-11-07, Raptors,Kawhi Leonard, activated from IL
WhiteD20181107,2018-11-07, Spurs,Derrick White, activated from IL
TrentG20181108,2018-11-08, Blazers,Gary Trent Jr., activated from IL
IguodalaA20181108,2018-11-08, Warriors,Andre Iguodala, activated from IL
HuerterK20181109,2018-11-09, Hawks,Kevin Huerter, activated from IL
LabissiereS20181109,2018-11-09, Kings,Skal Labissiere, activated from IL
CarrollD20181109,2018-11-09, Nets,DeMarre Carroll, activated from IL
BrownB20181109,2018-11-09, Pistons,Bruce Brown, activated from IL
DragicG20181110,2018-11-10, Heat,Goran Dragic, returned to lineup
HarrisD20181110,2018-11-10, Mavericks,Devin Harris, returned to lineup
OkaforJ20181110,2018-11-10, Pelicans,Jahlil Okafor, activated from IL
MilesC20181110,2018-11-10, Raptors,C.J. Miles, activated from IL
GordonE20181110,2018-11-10, Rockets,Eric Gordon, activated from IL
Carter-WilliamsM20181110,2018-11-10, Rockets,Michael Carter-Williams, returned to lineup
EvansJ20181110,2018-11-10, Warriors,Jacob Evans, activated from IL
MuscalaM20181110,2018-11-10, 76ers,Mike Muscala, activated from IL
TheisD20181111,2018-11-11, Celtics,Daniel Theis, activated from IL
IrvingK20181111,2018-11-11, Celtics,Kyrie Irving, returned to lineup
GrahamD20181111,2018-11-11, Hornets,Devonte' Graham, activated from IL
MuscalaM20181112,2018-11-12, 76ers,Mike Muscala, returned to lineup
MiltonS20181112,2018-11-12, 76ers,Shake Milton, activated from IL
LabissiereS20181112,2018-11-12, Kings,Skal Labissiere, activated from IL
GordonA20181112,2018-11-12, Magic,Aaron Gordon, activated from IL
PoeltlJ20181112,2018-11-12, Spurs,Jakob Poeltl, returned to lineup
GayR20181112,2018-11-12, Spurs,Rudy Gay, returned to lineup
WigginsA20181112,2018-11-12, Timberwolves,Andrew Wiggins, activated from IL
TeagueJ20181112,2018-11-12, Timberwolves,Jeff Teague, activated from IL
GreenD20181112,2018-11-12, Warriors,Draymond Green, activated from IL
LivingstonS20181112,2018-11-12, Warriors,Shaun Livingston, activated from IL
WatanabeY20181112,2018-11-12, Grizzlies,Yuta Watanabe, activated from IL
ButlerJ20181114,2018-11-14, 76ers,Jimmy Butler, activated from IL
TrentG20181114,2018-11-14, Blazers,Gary Trent Jr., activated from IL
OsmanC20181114,2018-11-14, Cavaliers,Cedi Osman, returned to lineup
BeasleyM20181114,2018-11-14, Lakers,Michael Beasley, returned to lineup
IsaacJ20181114,2018-11-14, Magic,Jonathan Isaac, activated from IL
MatthewsW20181114,2018-11-14, Mavericks,Wesley Matthews, activated from IL
MusaD20181114,2018-11-14, Nets,Dzanan Musa, activated from IL
MiroticN20181114,2018-11-14, Pelicans,Nikola Mirotic, activated from IL
MeltonD20181114,2018-11-14, Suns,De'Anthony Melton, activated from IL
AndersonR20181114,2018-11-14, Suns,Ryan Anderson, returned to lineup
CovingtonR20181114,2018-11-14, Timberwolves,Robert Covington, activated from IL
GreenG20181115,2018-11-15, Rockets,Gerald Green (b. 1986-01-26), activated from IL
GreenD20181115,2018-11-15, Warriors,Draymond Green, activated from IL
BrownS20181116,2018-11-16, Bucks,Sterling Brown, activated from IL
MorrisM20181116,2018-11-16, Celtics,Marcus Morris, returned to lineup
RabbI20181116,2018-11-16, Grizzlies,Ivan Rabb, returned to lineup
CasspiO20181116,2018-11-16, Grizzlies,Omri Casspi, activated from IL
JonesD20181116,2018-11-16, Heat,Derrick Jones Jr., returned to lineup
AllenJ20181116,2018-11-16, Nets,Jarrett Allen, returned to lineup
PaytonE20181116,2018-11-16, Pelicans,Elfrid Payton, activated from IL
IbakaS20181116,2018-11-16, Raptors,Serge Ibaka, returned to lineup
RoseD20181116,2018-11-16, Timberwolves,Derrick Rose, activated from IL
DedmonD20181117,2018-11-17, Hawks,Dewayne Dedmon, activated from IL
CollinsJ20181117,2018-11-17, Hawks,John Collins (Martin), activated from IL
Hollis-JeffersonR20181117,2018-11-17, Nets,Rondae Hollis-Jefferson, returned to lineup
OkaforJ20181117,2018-11-17, Pelicans,Jahlil Okafor, activated from IL
BoucherC20181117,2018-11-17, Raptors,Chris Boucher, activated from IL
WestbrookR20181117,2018-11-17, Thunder,Russell Westbrook, returned to lineup
GreenJ20181118,2018-11-18, Grizzlies,JaMychal Green, activated from IL
JohnsonJ20181118,2018-11-18, Heat,James Johnson, activated from IL
KorverK20181119,2018-11-19, Cavaliers,Kyle Korver, activated from IL
BradleyA20181119,2018-11-19, Clippers,Avery Bradley, activated from IL
AndersonJ20181119,2018-11-19, Hawks,Justin Anderson, returned to lineup
PrinceT20181119,2018-11-19, Hawks,Taurean Prince, activated from IL
NetoR20181119,2018-11-19, Jazz,Raulzinho Neto, activated from IL
ArizaT20181119,2018-11-19, Suns,Trevor Ariza, activated from IL
WestbrookR20181119,2018-11-19, Thunder,Russell Westbrook, returned to lineup
GallinariD20181120,2018-11-20, Clippers,Danilo Gallinari, activated from IL
WadeD20181120,2018-11-20, Heat,Dwyane Wade, activated from IL
HezonjaM20181120,2018-11-20, Knicks,Mario Hezonja, returned to lineup
LeonardK20181120,2018-11-20, Raptors,Kawhi Leonard, activated from IL
McRaeJ20181120,2018-11-20, Wizards,Jordan McRae, activated from IL
CarterJ20181120,2018-11-20, Grizzlies,Jevon Carter, returned to lineup
MiltonS20181121,2018-11-21, 76ers,Shake Milton, activated from IL
HarklessM20181121,2018-11-21, Blazers,Maurice Harkless, activated from IL
LaVineZ20181121,2018-11-21, Bulls,Zach LaVine, activated from IL
ParsonsC20181121,2018-11-21, Grizzlies,Chandler Parsons, activated from IL
DorseyT20181121,2018-11-21, Hawks,Tyler Dorsey, activated from IL
JuanJ20181121,2018-11-21, Mavericks,Jose Juan Barea, returned to lineup
BertansD20181121,2018-11-21, Spurs,Davis Bertans, activated from IL
NoelN20181121,2018-11-21, Thunder,Nerlens Noel, returned to lineup
FergusonT20181121,2018-11-21, Thunder,Terrance Ferguson, activated from IL
CurryS20181123,2018-11-23, Blazers,Seth Curry, activated from IL
WilliamsR20181123,2018-11-23, Celtics,Robert Williams III, activated from IL
LenA20181123,2018-11-23, Hawks,Alex Len, returned to lineup
SpellmanO20181123,2018-11-23, Hawks,Omari Spellman, activated from IL
HernangomezG20181123,2018-11-23, Hornets,Guillermo Hernangomez, returned to lineup
GrahamT20181123,2018-11-23, Nets,Treveon Graham, activated from IL
CraigT20181123,2018-11-23, Nuggets,Torrey Craig, returned to lineup
MilesC20181123,2018-11-23, Raptors,C.J. Miles, activated from IL
LeonardK20181123,2018-11-23, Raptors,Kawhi Leonard, activated from IL
AnunobyO20181123,2018-11-23, Raptors,Ogugua Anunoby, activated from IL
AbrinesA20181123,2018-11-23, Thunder,Alex Abrines, returned to lineup
HutchisonC20181124,2018-11-24, Bulls,Chandler Hutchison, activated from IL
HillG20181124,2018-11-24, Cavaliers,George Hill, activated from IL
HorfordA20181124,2018-11-24, Celtics,Al Horford, activated from IL
MatthewsW20181124,2018-11-24, Mavericks,Wesley Matthews, activated from IL
WatanabeY20181125,2018-11-25, Grizzlies,Yuta Watanabe, activated from IL
McLemoreB20181125,2018-11-25, Kings,Ben McLemore, returned to lineup
LabissiereS20181125,2018-11-25, Kings,Skal Labissiere, activated from IL
BakerR20181125,2018-11-25, Knicks,Ron Baker, returned to lineup
Tony(20181125,2018-11-25, Hornets,(William) Tony Parker, activated from IL
DiVincenzoD20181126,2018-11-26, Bucks,Donte DiVincenzo, activated from IL
HaywardG20181126,2018-11-26, Celtics,Gordon Hayward, activated from IL
Tony(20181126,2018-11-26, Hornets,(William) Tony Parker, returned to lineup
Kidd-GilchristM20181126,2018-11-26, Hornets,Michael Kidd-Gilchrist, activated from IL
SumnerE20181126,2018-11-26, Pacers,Edmond Sumner, activated from IL
TurnerM20181126,2018-11-26, Pacers,Myles Turner, activated from IL
DavisA20181126,2018-11-26, Pelicans,Anthony Davis, returned to lineup
ParsonsC20181127,2018-11-27, Grizzlies,Chandler Parsons, activated from IL
IlyasovaE20181128,2018-11-28, Bucks,Ersan Ilyasova, activated from IL
MitchellD20181128,2018-11-28, Jazz,Donovan Mitchell, activated from IL
FrazierM20181128,2018-11-28, Magic,Melvin Frazier Jr., activated from IL
SmithD20181128,2018-11-28, Mavericks,Dennis Smith Jr., returned to lineup
SmithD20181128,2018-11-28, Mavericks,Dennis Smith Jr., activated from IL
PowellD20181128,2018-11-28, Mavericks,Dwight Powell, returned to lineup
KurucsR20181128,2018-11-28, Nets,Rodions Kurucs, activated from IL
NwabaD20181128,2018-11-28, Cavaliers,David Nwaba, activated from IL
DekkerS20181128,2018-11-28, Cavaliers,Sam Dekker, activated from IL
GortatM20181129,2018-11-29, Clippers,Marcin Gortat, returned to lineup
WallaceT20181129,2018-11-29, Clippers,Tyrone Wallace, returned to lineup
ShumpertI20181129,2018-11-29, Kings,Iman Shumpert, activated from IL
MonroeG20181129,2018-11-29, Raptors,Greg Monroe, returned to lineup
MiltonS20181130,2018-11-30, 76ers,Shake Milton, activated from IL
DorseyT20181130,2018-11-30, Hawks,Tyler Dorsey, activated from IL
JohnsonT20181130,2018-11-30, Heat,Tyler Johnson, activated from IL
KorverK20181130,2018-11-30, Jazz,Kyle Korver, activated from IL
GordonA20181130,2018-11-30, Magic,Aaron Gordon, activated from IL
GrahamT20181130,2018-11-30, Nets,Treveon Graham, activated from IL
HarrisG20181130,2018-11-30, Nuggets,Gary Harris, returned to lineup
PaulC20181130,2018-11-30, Rockets,Chris Paul, returned to lineup
GreenG20181130,2018-11-30, Rockets,Gerald Green (b. 1986-01-26), returned to lineup
MeltonD20181130,2018-11-30, Suns,De'Anthony Melton, activated from IL
DialloH20181130,2018-11-30, Thunder,Hamidou Diallo, activated from IL
DellavedovaM20181201,2018-12-01, Bucks,Matthew Dellavedova, activated from IL
MarkkanenL20181201,2018-12-01, Bulls,Lauri Markkanen, activated from IL
HillG20181201,2018-12-01, Cavaliers,George Hill, returned to lineup
HorfordA20181201,2018-12-01, Celtics,Al Horford, activated from IL
KoufosK20181201,2018-12-01, Kings,Kosta Koufos, activated from IL
LeeC20181201,2018-12-01, Knicks,Courtney Lee, activated from IL
KornetL20181201,2018-12-01, Knicks,Luke Kornet, activated from IL
MusaD20181201,2018-12-01, Nets,Dzanan Musa, activated from IL
CurryS20181201,2018-12-01, Warriors,Stephen Curry, activated from IL
PorterO20181201,2018-12-01, Wizards,Otto Porter Jr., activated from IL
TrentG20181202,2018-12-02, Blazers,Gary Trent Jr., activated from IL
BiyomboB20181202,2018-12-02, Hornets,Bismack Biyombo, activated from IL
JacksonF20181202,2018-12-02, Pelicans,Frank Jackson, activated from IL
BookerD20181202,2018-12-02, Suns,Devin Booker, returned to lineup
LinJ20181203,2018-12-03, Hawks,Jeremy Lin, returned to lineup
MooreE20181203,2018-12-03, Pelicans,E'Twaun Moore, returned to lineup
KennardL20181203,2018-12-03, Pistons,Luke Kennard, activated from IL
LowryK20181203,2018-12-03, Raptors,Kyle Lowry, returned to lineup
FergusonT20181203,2018-12-03, Thunder,Terrance Ferguson, activated from IL
GreenJ20181203,2018-12-03, Wizards,Jeff Green, returned to lineup
HarrisJ20181203,2018-12-03, Nets,Joe Harris, activated from IL
SwaniganC20181204,2018-12-04, Blazers,Caleb Swanigan, returned to lineup
TurnerE20181204,2018-12-04, Blazers,Evan Turner, returned to lineup
JonesD20181204,2018-12-04, Heat,Derrick Jones Jr., returned to lineup
JohnsonT20181204,2018-12-04, Heat,Tyler Johnson, returned to lineup
DoncicL20181204,2018-12-04, Mavericks,Luka Doncic, activated from IL
JohnsonA20181204,2018-12-04, Pacers,Alize Johnson, activated from IL
BelinelliM20181204,2018-12-04, Spurs,Marco Belinelli, returned to lineup
KleberM20181204,2018-12-04, Mavericks,Maximilian Kleber, activated from IL
JacksonF20181204,2018-12-04, Pelicans,Frank Jackson, returned to lineup
BoldenJ20181205,2018-12-05, 76ers,Jonah Bolden, activated from IL
ChandlerW20181205,2018-12-05, 76ers,Wilson Chandler, activated from IL
WilsonD20181205,2018-12-05, Bucks,D.J. Wilson, activated from IL
WatanabeY20181205,2018-12-05, Grizzlies,Yuta Watanabe, activated from IL
DorseyT20181205,2018-12-05, Hawks,Tyler Dorsey, activated from IL
ZellerC20181205,2018-12-05, Hornets,Cody Zeller, activated from IL
HarrisJ20181205,2018-12-05, Nets,Joe Harris, returned to lineup
DialloH20181205,2018-12-05, Thunder,Hamidou Diallo, returned to lineup
McKinnieA20181205,2018-12-05, Warriors,Alfonzo McKinnie, returned to lineup
TrentG20181206,2018-12-06, Blazers,Gary Trent Jr., activated from IL
BrownJ20181206,2018-12-06, Celtics,Jaylen Brown, activated from IL
BoldenJ20181207,2018-12-07, 76ers,Jonah Bolden, returned to lineup
IlyasovaE20181207,2018-12-07, Bucks,Ersan Ilyasova, activated from IL
MiddletonK20181207,2018-12-07, Bucks,Khris Middleton, activated from IL
ZizicA20181207,2018-12-07, Cavaliers,Ante Zizic, activated from IL
DragicG20181207,2018-12-07, Heat,Goran Dragic, activated from IL
WilliamsM20181207,2018-12-07, Hornets,Marvin Williams, activated from IL
BagleyM20181207,2018-12-07, Kings,Marvin Bagley III, activated from IL
MiroticN20181207,2018-12-07, Pelicans,Nikola Mirotic, returned to lineup
RichardsonM20181207,2018-12-07, Raptors,Malachi Richardson, activated from IL
McCollumC20181208,2018-12-08, Blazers,C.J. McCollum, activated from IL
ParsonsC20181208,2018-12-08, Grizzlies,Chandler Parsons, activated from IL
SeldenW20181208,2018-12-08, Grizzlies,Wayne Selden Jr., returned to lineup
AdamsJ20181208,2018-12-08, Hawks,Jaylen Adams, activated from IL
MejriS20181208,2018-12-08, Mavericks,Salah Mejri, activated from IL
SabonisD20181208,2018-12-08, Pacers,Domantas Sabonis, activated from IL
GreenJ20181208,2018-12-08, Wizards,Jeff Green, returned to lineup
WallJ20181208,2018-12-08, Wizards,John Wall (Hildred), activated from IL
BiyomboB20181209,2018-12-09, Hornets,Bismack Biyombo, activated from IL
RichardsonM20181209,2018-12-09, Raptors,Malachi Richardson, returned to lineup
EmbiidJ20181210,2018-12-10, 76ers,Joel Embiid, activated from IL
MiltonS20181210,2018-12-10, 76ers,Shake Milton, activated from IL
WilsonD20181210,2018-12-10, Bucks,D.J. Wilson, activated from IL
HillG20181210,2018-12-10, Bucks,George Hill, activated from IL
PortisB20181210,2018-12-10, Bulls,Bobby Portis, returned to lineup
DunnK20181210,2018-12-10, Bulls,Kris Dunn, activated from IL
DellavedovaM20181210,2018-12-10, Cavaliers,Matthew Dellavedova, activated from IL
HoodR20181210,2018-12-10, Cavaliers,Rodney Hood, returned to lineup
WilliamsR20181210,2018-12-10, Celtics,Robert Williams III, activated from IL
RichardsonJ20181210,2018-12-10, Heat,Josh Richardson, returned to lineup
EllingtonW20181210,2018-12-10, Heat,Wayne Ellington, returned to lineup
ShumpertI20181210,2018-12-10, Kings,Iman Shumpert, activated from IL
FrazierM20181210,2018-12-10, Magic,Melvin Frazier Jr., activated from IL
KleberM20181210,2018-12-10, Mavericks,Maximilian Kleber, activated from IL
MejriS20181210,2018-12-10, Mavericks,Salah Mejri, returned to lineup
WarrenT20181210,2018-12-10, Suns,T.J. Warren, activated from IL
CovingtonR20181210,2018-12-10, Timberwolves,Robert Covington, activated from IL
GreenD20181210,2018-12-10, Warriors,Draymond Green, activated from IL
DekkerS20181210,2018-12-10, Wizards,Sam Dekker, activated from IL
BaynesA20181210,2018-12-10, Celtics,Aron Baynes, activated from IL
HartensteinI20181211,2018-12-11, Rockets,Isaiah Hartenstein, activated from IL
CunninghamD20181211,2018-12-11, Spurs,Dante Cunningham, returned to lineup
TrentG20181212,2018-12-12, Blazers,Gary Trent Jr., activated from IL
AntetokounmpoG20181212,2018-12-12, Bucks,Giannis Antetokounmpo, returned to lineup
ConnaughtonP20181212,2018-12-12, Bucks,Pat Connaughton, returned to lineup
NwabaD20181212,2018-12-12, Cavaliers,David Nwaba, activated from IL
BaynesA20181212,2018-12-12, Celtics,Aron Baynes, returned to lineup
IrvingK20181212,2018-12-12, Celtics,Kyrie Irving, activated from IL
ParsonsC20181212,2018-12-12, Grizzlies,Chandler Parsons, activated from IL
RabbI20181212,2018-12-12, Grizzlies,Ivan Rabb, activated from IL
JohnsonT20181212,2018-12-12, Heat,Tyler Johnson, returned to lineup
OladipoV20181212,2018-12-12, Pacers,Victor Oladipo, activated from IL
JacksonF20181212,2018-12-12, Pelicans,Frank Jackson, activated from IL
JohnsonS20181212,2018-12-12, Pistons,Stanley Johnson, activated from IL
WallJ20181212,2018-12-12, Wizards,John Wall (Hildred), returned to lineup
SimonsA20181213,2018-12-13, Blazers,Anfernee Simons, returned to lineup
FournierE20181213,2018-12-13, Magic,Evan Fournier, returned to lineup
SmithD20181213,2018-12-13, Mavericks,Dennis Smith Jr., activated from IL
NowitzkiD20181213,2018-12-13, Mavericks,Dirk Nowitzki, returned to lineup
KnightB20181213,2018-12-13, Rockets,Brandon Knight, activated from IL
BertansD20181213,2018-12-13, Spurs,Davis Bertans, returned to lineup
CrawfordJ20181213,2018-12-13, Suns,Jamal Crawford, returned to lineup
BoldenJ20181214,2018-12-14, 76ers,Jonah Bolden, activated from IL
MuscalaM20181214,2018-12-14, 76ers,Mike Muscala, returned to lineup
HarklessM20181214,2018-12-14, Blazers,Maurice Harkless, activated from IL
HaywardG20181214,2018-12-14, Celtics,Gordon Hayward, activated from IL
BrownJ20181214,2018-12-14, Celtics,Jaylen Brown, returned to lineup
WatanabeY20181214,2018-12-14, Grizzlies,Yuta Watanabe, activated from IL
LinJ20181214,2018-12-14, Hawks,Jeremy Lin, returned to lineup
WhitesideH20181214,2018-12-14, Heat,Hassan Whiteside, returned to lineup
GrahamD20181214,2018-12-14, Hornets,Devonte' Graham, activated from IL
Kidd-GilchristM20181214,2018-12-14, Hornets,Michael Kidd-Gilchrist, returned to lineup
LeeC20181214,2018-12-14, Knicks,Courtney Lee, activated from IL
MusaD20181214,2018-12-14, Nets,Dzanan Musa, activated from IL
BoucherC20181214,2018-12-14, Raptors,Chris Boucher, activated from IL
LeonardK20181214,2018-12-14, Raptors,Kawhi Leonard, activated from IL
HutchisonC20181215,2018-12-15, Bulls,Chandler Hutchison, activated from IL
CarterJ20181215,2018-12-15, Grizzlies,Jevon Carter, returned to lineup
NetoR20181215,2018-12-15, Jazz,Raulzinho Neto, activated from IL
BullockR20181215,2018-12-15, Pistons,Reggie Bullock, activated from IL
HartensteinI20181215,2018-12-15, Rockets,Isaiah Hartenstein, activated from IL
BookerD20181215,2018-12-15, Suns,Devin Booker, activated from IL
ButlerJ20181216,2018-12-16, 76ers,Jimmy Butler, activated from IL
WadeD20181216,2018-12-16, Heat,Dwyane Wade, returned to lineup
ThomasL20181216,2018-12-16, Knicks,Lance Thomas, activated from IL
BurkeT20181216,2018-12-16, Knicks,Trey Burke, activated from IL
GrahamT20181216,2018-12-16, Nets,Treveon Graham, activated from IL
MooreE20181216,2018-12-16, Pelicans,E'Twaun Moore, activated from IL
McRaeJ20181216,2018-12-16, Wizards,Jordan McRae, activated from IL
WilsonD20181217,2018-12-17, Bucks,D.J. Wilson, activated from IL
MiddletonK20181217,2018-12-17, Bucks,Khris Middleton, returned to lineup
AndersonK20181217,2018-12-17, Grizzlies,Kyle Anderson, activated from IL
WatanabeY20181217,2018-12-17, Grizzlies,Yuta Watanabe, returned to lineup
LabissiereS20181217,2018-12-17, Kings,Skal Labissiere, activated from IL
PachuliaZ20181217,2018-12-17, Pistons,Zaur Pachulia, activated from IL
ChrissM20181217,2018-12-17, Rockets,Marquese Chriss, returned to lineup
GibsonT20181217,2018-12-17, Timberwolves,Taj Gibson, activated from IL
IguodalaA20181217,2018-12-17, Warriors,Andre Iguodala, activated from IL
LivingstonS20181217,2018-12-17, Warriors,Shaun Livingston, activated from IL
QiZ20181217,2018-12-17, Rockets,Zhou Qi, returned to lineup
JuanJ20181218,2018-12-18, Mavericks,Jose Juan Barea, activated from IL
EvansT20181218,2018-12-18, Pacers,Tyreke Evans, activated from IL
ArizaT20181218,2018-12-18, Wizards,Trevor Ariza, activated from IL
BrogdonM20181219,2018-12-19, Bucks,Malcolm Brogdon, activated from IL
ClarksonJ20181219,2018-12-19, Cavaliers,Jordan Clarkson, returned to lineup
ParsonsC20181219,2018-12-19, Grizzlies,Chandler Parsons, activated from IL
ConleyM20181219,2018-12-19, Grizzlies,Mike Conley Jr., activated from IL
DotsonD20181219,2018-12-19, Knicks,Damyean Dotson, returned to lineup
HardawayT20181219,2018-12-19, Knicks,Tim Hardaway Jr., returned to lineup
VanVleetF20181219,2018-12-19, Raptors,Fred VanVleet, activated from IL
PowellN20181219,2018-12-19, Raptors,Norman Powell, returned to lineup
SiakamP20181219,2018-12-19, Raptors,Pascal Siakam, returned to lineup
HartensteinI20181219,2018-12-19, Rockets,Isaiah Hartenstein, activated from IL
OubreK20181219,2018-12-19, Suns,Kelly Oubre Jr., activated from IL
BaylessJ20181219,2018-12-19, Timberwolves,Jerryd Bayless, activated from IL
WilliamsL20181220,2018-12-20, Clippers,Louis Williams, activated from IL
KleberM20181220,2018-12-20, Mavericks,Maximilian Kleber, activated from IL
DellavedovaM20181221,2018-12-21, Cavaliers,Matthew Dellavedova, returned to lineup
YabuseleG20181221,2018-12-21, Celtics,Guerschon Yabusele, activated from IL
WatanabeY20181221,2018-12-21, Grizzlies,Yuta Watanabe, activated from IL
DorseyT20181221,2018-12-21, Hawks,Tyler Dorsey, activated from IL
BogdanovicB20181221,2018-12-21, Kings,Bogdan Bogdanovic, returned to lineup
ShumpertI20181221,2018-12-21, Kings,Iman Shumpert, activated from IL
IngramB20181221,2018-12-21, Lakers,Brandon Ingram, activated from IL
RondoR20181221,2018-12-21, Lakers,Rajon Rondo, activated from IL
FrazierM20181221,2018-12-21, Magic,Melvin Frazier Jr., returned to lineup
VucevicN20181221,2018-12-21, Magic,Nikola Vucevic, returned to lineup
ClarkI20181221,2018-12-21, Pelicans,Ian Clark, returned to lineup
RandleJ20181221,2018-12-21, Pelicans,Julius Randle, activated from IL
BoldenJ20181222,2018-12-22, 76ers,Jonah Bolden, activated from IL
WinslowJ20181222,2018-12-22, Heat,Justise Winslow, returned to lineup
BroekhoffR20181222,2018-12-22, Mavericks,Ryan Broekhoff, returned to lineup
GreenD20181222,2018-12-22, Raptors,Danny Green, returned to lineup
LowryK20181222,2018-12-22, Raptors,Kyle Lowry, activated from IL
PayneC20181223,2018-12-23, Bulls,Cameron Payne, returned to lineup
ParkerJ20181223,2018-12-23, Bulls,Jabari Parker, activated from IL
HorfordA20181223,2018-12-23, Celtics,Al Horford, activated from IL
MorrisM20181223,2018-12-23, Celtics,Marcus Morris, activated from IL
RobinsonJ20181223,2018-12-23, Clippers,Jerome Robinson, returned to lineup
BrooksD20181223,2018-12-23, Grizzlies,Dillon Brooks, activated from IL
PoythressA20181223,2018-12-23, Hawks,Alex Poythress, activated from IL
GilesH20181223,2018-12-23, Kings,Harry Giles, activated from IL
SimmonsJ20181223,2018-12-23, Magic,Jonathon Simmons, activated from IL
WallJ20181223,2018-12-23, Wizards,John Wall (Hildred), returned to lineup
ChandlerW20181225,2018-12-25, 76ers,Wilson Chandler, activated from IL
DiVincenzoD20181225,2018-12-25, Bucks,Donte DiVincenzo, activated from IL
TrierA20181225,2018-12-25, Knicks,Allonzo Trier, activated from IL
ChandlerT20181225,2018-12-25, Lakers,Tyson Chandler, returned to lineup
RiversA20181225,2018-12-25, Rockets,Austin Rivers, activated from IL
HartensteinI20181225,2018-12-25, Rockets,Isaiah Hartenstein, activated from IL
LaVineZ20181226,2018-12-26, Bulls,Zach LaVine, activated from IL
HoodR20181226,2018-12-26, Cavaliers,Rodney Hood, activated from IL
NoahJ20181226,2018-12-26, Grizzlies,Joakim Noah, activated from IL
CasspiO20181226,2018-12-26, Grizzlies,Omri Casspi, activated from IL
CollinsJ20181226,2018-12-26, Hawks,John Collins (Martin), activated from IL
SpellmanO20181226,2018-12-26, Hawks,Omari Spellman, activated from IL
McGruderR20181226,2018-12-26, Heat,Rodney McGruder, activated from IL
EvansT20181226,2018-12-26, Pacers,Tyreke Evans, activated from IL
LeonardK20181226,2018-12-26, Raptors,Kawhi Leonard, activated from IL
IbakaS20181226,2018-12-26, Raptors,Serge Ibaka, returned to lineup
WalkerL20181226,2018-12-26, Spurs,Lonnie Walker IV, returned to lineup
RoseD20181226,2018-12-26, Timberwolves,Derrick Rose, activated from IL
EvansJ20181227,2018-12-27, Warriors,Jacob Evans, activated from IL
SmithD20181228,2018-12-28, Mavericks,Dennis Smith Jr., activated from IL
GrahamT20181228,2018-12-28, Nets,Treveon Graham, activated from IL
O'QuinnK20181228,2018-12-28, Pacers,Kyle O'Quinn, returned to lineup
BoucherC20181228,2018-12-28, Raptors,Chris Boucher, returned to lineup
BoucherC20181228,2018-12-28, Raptors,Chris Boucher, activated from IL
GasolP20181228,2018-12-28, Spurs,Pau Gasol, activated from IL
CrawfordJ20181228,2018-12-28, Suns,Jamal Crawford, returned to lineup
McRaeJ20181228,2018-12-28, Wizards,Jordan McRae, activated from IL
LenA20181229,2018-12-29, Hawks,Alex Len, returned to lineup
PlumleeM20181229,2018-12-29, Hawks,Miles Plumlee, activated from IL
BiyomboB20181229,2018-12-29, Hornets,Bismack Biyombo, activated from IL
HardawayT20181229,2018-12-29, Knicks,Tim Hardaway Jr., activated from IL
MillsapP20181229,2018-12-29, Nuggets,Paul Millsap, activated from IL
EvansJ20181229,2018-12-29, Warriors,Jacob Evans, returned to lineup
MorrisM20181229,2018-12-29, Wizards,Markieff Morris, activated from IL
HaslemU20181230,2018-12-30, Heat,Udonis Haslem, returned to lineup
McGeeJ20181230,2018-12-30, Lakers,JaVale McGee, returned to lineup
RobinsonG20181230,2018-12-30, Pistons,Glenn Robinson III, returned to lineup
PowellN20181230,2018-12-30, Raptors,Norman Powell, returned to lineup
GeorgeP20181230,2018-12-30, Thunder,Paul George, returned to lineup
Tony(20181231,2018-12-31, Hornets,(William) Tony Parker, activated from IL
MatthewsW20181231,2018-12-31, Mavericks,Wesley Matthews, activated from IL
DialloC20181231,2018-12-31, Pelicans,Cheick Diallo, returned to lineup
MillerD20181231,2018-12-31, Pelicans,Darius Miller, activated from IL
PaytonE20181231,2018-12-31, Pelicans,Elfrid Payton, activated from IL
KnightB20181231,2018-12-31, Rockets,Brandon Knight, activated from IL
FergusonT20181231,2018-12-31, Thunder,Terrance Ferguson, returned to lineup
EmbiidJ20190101,2019-01-01, 76ers,Joel Embiid, returned to lineup
TrentG20190101,2019-01-01, Blazers,Gary Trent Jr., activated from IL
HarklessM20190101,2019-01-01, Blazers,Maurice Harkless, activated from IL
CrowderJ20190101,2019-01-01, Jazz,Jae Crowder, activated from IL
RubioR20190101,2019-01-01, Jazz,Ricky Rubio, activated from IL
HarrisG20190101,2019-01-01, Nuggets,Gary Harris, activated from IL
HoodR20190102,2019-01-02, Cavaliers,Rodney Hood, returned to lineup
ThompsonT20190102,2019-01-02, Cavaliers,Tristan Thompson, activated from IL
RabbI20190102,2019-01-02, Grizzlies,Ivan Rabb, activated from IL
DedmonD20190102,2019-01-02, Hawks,Dewayne Dedmon, activated from IL
WaitersD20190102,2019-01-02, Heat,Dion Waiters, activated from IL
JohnsonJ20190102,2019-01-02, Heat,James Johnson, returned to lineup
AugustineD20190102,2019-01-02, Magic,D.J. Augustine, returned to lineup
DavisA20190102,2019-01-02, Pelicans,Anthony Davis, returned to lineup
JacksonF20190102,2019-01-02, Pelicans,Frank Jackson, activated from IL
JohnsonS20190102,2019-01-02, Pistons,Stanley Johnson, returned to lineup
HolmesR20190102,2019-01-02, Suns,Richaun Holmes, activated from IL
Bates-DiopK20190102,2019-01-02, Timberwolves,Keita Bates-Diop, returned to lineup
PorterO20190102,2019-01-02, Wizards,Otto Porter Jr., activated from IL
LowryK20190103,2019-01-03, Raptors,Kyle Lowry, activated from IL
EnnisJ20190103,2019-01-03, Rockets,James Ennis, activated from IL
GayR20190103,2019-01-03, Spurs,Rudy Gay, returned to lineup
EvansJ20190103,2019-01-03, Warriors,Jacob Evans, activated from IL
IlyasovaE20190104,2019-01-04, Bucks,Ersan Ilyasova, activated from IL
WadeD20190104,2019-01-04, Heat,Dwyane Wade, returned to lineup
BeasleyM20190104,2019-01-04, Lakers,Michael Beasley, returned to lineup
SimmonsJ20190104,2019-01-04, Magic,Jonathon Simmons, activated from IL
BirchK20190104,2019-01-04, Magic,Khem Birch, returned to lineup
GrahamT20190104,2019-01-04, Nets,Treveon Graham, activated from IL
TeagueJ20190104,2019-01-04, Timberwolves,Jeff Teague, activated from IL
MiltonS20190105,2019-01-05, 76ers,Shake Milton, activated from IL
PortisB20190106,2019-01-06, Bulls,Bobby Portis, returned to lineup
SpellmanO20190106,2019-01-06, Hawks,Omari Spellman, activated from IL
LowryK20190106,2019-01-06, Raptors,Kyle Lowry, returned to lineup
HarklessM20190107,2019-01-07, Blazers,Maurice Harkless, returned to lineup
IrvingK20190107,2019-01-07, Celtics,Kyrie Irving, activated from IL
MorrisM20190107,2019-01-07, Celtics,Marcus Morris, activated from IL
WilliamsR20190107,2019-01-07, Celtics,Robert Williams III, activated from IL
WatanabeY20190107,2019-01-07, Grizzlies,Yuta Watanabe, activated from IL
BagleyM20190107,2019-01-07, Kings,Marvin Bagley III, activated from IL
KuzmaK20190107,2019-01-07, Lakers,Kyle Kuzma, returned to lineup
HarrisD20190107,2019-01-07, Mavericks,Devin Harris, returned to lineup
JuanJ20190107,2019-01-07, Mavericks,Jose Juan Barea, activated from IL
AnigboguI20190107,2019-01-07, Pacers,Ike Anigbogu, returned to lineup
ButlerJ20190108,2019-01-08, 76ers,Jimmy Butler, activated from IL
ChandlerW20190108,2019-01-08, 76ers,Wilson Chandler, activated from IL
ZizicA20190108,2019-01-08, Cavaliers,Ante Zizic, activated from IL
DellavedovaM20190108,2019-01-08, Cavaliers,Matthew Dellavedova, returned to lineup
LambJ20190108,2019-01-08, Hornets,Jeremy Lamb, returned to lineup
JohnsonA20190108,2019-01-08, Pacers,Alize Johnson, activated from IL
SumnerE20190108,2019-01-08, Pacers,Edmond Sumner, activated from IL
LeonardK20190108,2019-01-08, Raptors,Kawhi Leonard, activated from IL
RoseD20190108,2019-01-08, Timberwolves,Derrick Rose, activated from IL
RedickJ20190109,2019-01-09, 76ers,J.J. Redick, activated from IL
WilsonD20190109,2019-01-09, Bucks,D.J. Wilson, activated from IL
HoodR20190109,2019-01-09, Cavaliers,Rodney Hood, activated from IL
HuerterK20190109,2019-01-09, Hawks,Kevin Huerter, returned to lineup
MejriS20190109,2019-01-09, Mavericks,Salah Mejri, activated from IL
CarrollD20190109,2019-01-09, Nets,DeMarre Carroll, returned to lineup
HarrisJ20190109,2019-01-09, Nets,Joe Harris, activated from IL
MiroticN20190109,2019-01-09, Pelicans,Nikola Mirotic, activated from IL
McRaeJ20190109,2019-01-09, Wizards,Jordan McRae, activated from IL
ShumpertI20190110,2019-01-10, Kings,Iman Shumpert, activated from IL
HarrisG20190110,2019-01-10, Nuggets,Gary Harris, activated from IL
GayR20190110,2019-01-10, Spurs,Rudy Gay, activated from IL
RedickJ20190111,2019-01-11, 76ers,J.J. Redick, returned to lineup
WoodC20190111,2019-01-11, Bucks,Christian Wood, returned to lineup
WilsonD20190111,2019-01-11, Bucks,D.J. Wilson, returned to lineup
HoodR20190111,2019-01-11, Cavaliers,Rodney Hood, returned to lineup
NowitzkiD20190111,2019-01-11, Mavericks,Dirk Nowitzki, returned to lineup
MilesC20190111,2019-01-11, Raptors,C.J. Miles, returned to lineup
RichardsonM20190111,2019-01-11, Raptors,Malachi Richardson, activated from IL
RoseD20190111,2019-01-11, Timberwolves,Derrick Rose, returned to lineup
LivingstonS20190111,2019-01-11, Warriors,Shaun Livingston, activated from IL
AllenG20190112,2019-01-12, Jazz,Grayson Allen, returned to lineup
FrazierM20190112,2019-01-12, Magic,Melvin Frazier Jr., activated from IL
BartonW20190112,2019-01-12, Nuggets,Will Barton, returned to lineup
MooreE20190112,2019-01-12, Pelicans,E'Twaun Moore, activated from IL
GriffinB20190112,2019-01-12, Pistons,Blake Griffin, activated from IL
PachuliaZ20190112,2019-01-12, Pistons,Zaur Pachulia, activated from IL
EmbiidJ20190113,2019-01-13, 76ers,Joel Embiid, activated from IL
AntetokounmpoG20190113,2019-01-13, Bucks,Giannis Antetokounmpo, activated from IL
PrinceT20190113,2019-01-13, Hawks,Taurean Prince, activated from IL
NtilikinaF20190113,2019-01-13, Knicks,Frank Ntilikina, activated from IL
McCawP20190113,2019-01-13, Raptors,Patrick McCaw, activated from IL
EvansJ20190113,2019-01-13, Warriors,Jacob Evans, activated from IL
Tony(20190114,2019-01-14, Hornets,(William) Tony Parker, activated from IL
SmithI20190114,2019-01-14, Pistons,Ishmael Smith, activated from IL
HartensteinI20190114,2019-01-14, Rockets,Isaiah Hartenstein, activated from IL
GayR20190114,2019-01-14, Spurs,Rudy Gay, activated from IL
JohnsonA20190115,2019-01-15, 76ers,Amir Johnson, returned to lineup
PortisB20190115,2019-01-15, Bulls,Bobby Portis, returned to lineup
AdamsJ20190115,2019-01-15, Hawks,Jaylen Adams, activated from IL
WhitesideH20190115,2019-01-15, Heat,Hassan Whiteside, returned to lineup
LylesT20190115,2019-01-15, Nuggets,Trey Lyles, activated from IL
TurnerM20190115,2019-01-15, Pacers,Myles Turner, activated from IL
BookerD20190115,2019-01-15, Suns,Devin Booker, activated from IL
RoseD20190115,2019-01-15, Timberwolves,Derrick Rose, activated from IL
BaynesA20190116,2019-01-16, Celtics,Aron Baynes, activated from IL
IrvingK20190116,2019-01-16, Celtics,Kyrie Irving, activated from IL
SmartM20190116,2019-01-16, Celtics,Marcus Smart, activated from IL
Hollis-JeffersonR20190116,2019-01-16, Nets,Rondae Hollis-Jefferson, returned to lineup
NapierS20190116,2019-01-16, Nets,Shabazz Napier, returned to lineup
PachuliaZ20190116,2019-01-16, Pistons,Zaur Pachulia, activated from IL
VanVleetF20190116,2019-01-16, Raptors,Fred VanVleet, returned to lineup
GordonE20190116,2019-01-16, Rockets,Eric Gordon, activated from IL
BelinelliM20190116,2019-01-16, Spurs,Marco Belinelli, returned to lineup
GayR20190116,2019-01-16, Spurs,Rudy Gay, returned to lineup
RobinsonM20190117,2019-01-17, Knicks,Mitchell Robinson, activated from IL
HardawayT20190117,2019-01-17, Knicks,Tim Hardaway Jr., returned to lineup
HarrisG20190117,2019-01-17, Nuggets,Gary Harris, activated from IL
MilesC20190117,2019-01-17, Raptors,C.J. Miles, returned to lineup
BoucherC20190117,2019-01-17, Raptors,Chris Boucher, activated from IL
NoelN20190117,2019-01-17, Thunder,Nerlens Noel, activated from IL
HarklessM20190118,2019-01-18, Blazers,Maurice Harkless, returned to lineup
BambaM20190118,2019-01-18, Magic,Mohamed Bamba, activated from IL
ThomasK20190118,2019-01-18, Pistons,Khyri Thomas, returned to lineup
CousinsD20190118,2019-01-18, Warriors,DeMarcus Cousins, activated from IL
DiVincenzoD20190119,2019-01-19, Bucks,Donte DiVincenzo, activated from IL
WilliamsR20190119,2019-01-19, Celtics,Robert Williams III, activated from IL
DedmonD20190119,2019-01-19, Hawks,Dewayne Dedmon, activated from IL
LinJ20190119,2019-01-19, Hawks,Jeremy Lin, activated from IL
DorseyT20190119,2019-01-19, Hawks,Tyler Dorsey, activated from IL
RichardsonJ20190119,2019-01-19, Heat,Josh Richardson, returned to lineup
BartonW20190119,2019-01-19, Nuggets,Will Barton, activated from IL
LeuerJ20190119,2019-01-19, Pistons,Jon Leuer, activated from IL
RichardsonM20190119,2019-01-19, Raptors,Malachi Richardson, activated from IL
EnnisJ20190119,2019-01-19, Rockets,James Ennis, activated from IL
EllensonH20190119,2019-01-19, Pistons,Henry Ellenson, activated from IL
DeRozanD20190120,2019-01-20, Spurs,DeMar DeRozan, returned to lineup
CrawfordJ20190120,2019-01-20, Suns,Jamal Crawford, returned to lineup
CrawfordJ20190120,2019-01-20, Suns,Jamal Crawford, returned to lineup
WilliamsL20190120,2019-01-20, Clippers,Louis Williams, activated from IL
AntetokounmpoK20190121,2019-01-21, 76ers,Kostas Antetokounmpo, activated from IL
HaywardG20190121,2019-01-21, Celtics,Gordon Hayward, activated from IL
GasolM20190121,2019-01-21, Grizzlies,Marc Gasol, returned to lineup
RubioR20190121,2019-01-21, Jazz,Ricky Rubio, activated from IL
KanterE20190121,2019-01-21, Knicks,Enes Kanter, activated from IL
FrazierM20190121,2019-01-21, Magic,Melvin Frazier Jr., activated from IL
KnightB20190121,2019-01-21, Rockets,Brandon Knight, activated from IL
AbrinesA20190121,2019-01-21, Thunder,Alex Abrines, activated from IL
AbrinesA20190121,2019-01-21, Thunder,Alex Abrines, activated from IL
McRaeJ20190121,2019-01-21, Wizards,Jordan McRae, activated from IL
WilliamsL20190122,2019-01-22, Clippers,Louis Williams, returned to lineup
SmithD20190122,2019-01-22, Mavericks,Dennis Smith Jr., activated from IL
MejriS20190122,2019-01-22, Mavericks,Salah Mejri, activated from IL
AnthonyC20190122,2019-01-22, Rockets,Carmelo Anthony, player returned to team
WilliamsR20190123,2019-01-23, Celtics,Robert Williams III, activated from IL
CasspiO20190123,2019-01-23, Grizzlies,Omri Casspi, returned to lineup
BurkeT20190123,2019-01-23, Knicks,Trey Burke, activated from IL
GordonA20190123,2019-01-23, Magic,Aaron Gordon, activated from IL
HernangomezJ20190123,2019-01-23, Nuggets,Juancho Hernangomez, returned to lineup
LeonardK20190123,2019-01-23, Raptors,Kawhi Leonard, activated from IL
RondoR20190124,2019-01-24, Lakers,Rajon Rondo, activated from IL
TeagueJ20190124,2019-01-24, Timberwolves,Jeff Teague, activated from IL
SmithJ20190125,2019-01-25, Bucks,Jason Smith, activated from IL
ParkerJ20190125,2019-01-25, Bulls,Jabari Parker, returned to lineup
NanceL20190125,2019-01-25, Cavaliers,Larry Nance Jr., activated from IL
NoahJ20190125,2019-01-25, Grizzlies,Joakim Noah, activated from IL
FoxD20190125,2019-01-25, Kings,De'Aaron Fox, returned to lineup
BjelicaN20190125,2019-01-25, Kings,Nemanja Bjelica, returned to lineup
FrazierM20190125,2019-01-25, Magic,Melvin Frazier Jr., activated from IL
VanderbiltJ20190125,2019-01-25, Nuggets,Jarred Vanderbilt, activated from IL
DrummondA20190125,2019-01-25, Pistons,Andre Drummond, activated from IL
EllensonH20190125,2019-01-25, Pistons,Henry Ellenson, activated from IL
AnunobyO20190125,2019-01-25, Raptors,Ogugua Anunoby, activated from IL
MiltonS20190126,2019-01-26, 76ers,Shake Milton, activated from IL
StauskasN20190126,2019-01-26, Blazers,Nik Stauskas, returned to lineup
HorfordA20190126,2019-01-26, Celtics,Al Horford, activated from IL
IrvingK20190126,2019-01-26, Celtics,Kyrie Irving, activated from IL
HuerterK20190126,2019-01-26, Hawks,Kevin Huerter, activated from IL
SumnerE20190126,2019-01-26, Pacers,Edmond Sumner, activated from IL
WaitersD20190127,2019-01-27, Heat,Dion Waiters, returned to lineup
KnightB20190127,2019-01-27, Rockets,Brandon Knight, returned to lineup
PaulC20190127,2019-01-27, Rockets,Chris Paul, activated from IL
BertansD20190127,2019-01-27, Spurs,Davis Bertans, activated from IL
HolmesR20190127,2019-01-27, Suns,Richaun Holmes, activated from IL
WilliamsR20190128,2019-01-28, Celtics,Robert Williams III, activated from IL
AndersonK20190128,2019-01-28, Grizzlies,Kyle Anderson, activated from IL
AllenK20190128,2019-01-28, Knicks,Kadeem Allen, activated from IL
ButlerJ20190129,2019-01-29, 76ers,Jimmy Butler, activated from IL
EmbiidJ20190129,2019-01-29, 76ers,Joel Embiid, activated from IL
ChandlerW20190129,2019-01-29, 76ers,Wilson Chandler, activated from IL
GrahamT20190129,2019-01-29, Nets,Treveon Graham, returned to lineup
MahinmiI20190129,2019-01-29, Wizards,Ian Mahinmi, returned to lineup
DekkerS20190129,2019-01-29, Wizards,Sam Dekker, returned to lineup
LillardD20190130,2019-01-30, Blazers,Damian Lillard, activated from IL
GreenJ20190130,2019-01-30, Grizzlies,JaMychal Green, returned to lineup
BazemoreK20190130,2019-01-30, Hawks,Kent Bazemore, activated from IL
JohnsonT20190130,2019-01-30, Heat,Tyler Johnson, returned to lineup
TeagueJ20190130,2019-01-30, Timberwolves,Jeff Teague, activated from IL
BoldenJ20190131,2019-01-31, 76ers,Jonah Bolden, activated from IL
BrogdonM20190131,2019-01-31, Bucks,Malcolm Brogdon, activated from IL
BrownS20190131,2019-01-31, Bucks,Sterling Brown, returned to lineup
KuzmaK20190131,2019-01-31, Lakers,Kyle Kuzma, returned to lineup
JamesL20190131,2019-01-31, Lakers,LeBron James, activated from IL
BriscoeI20190131,2019-01-31, Magic,Isaiah Briscoe, activated from IL
FrazierM20190131,2019-01-31, Magic,Melvin Frazier Jr., activated from IL
MusaD20190131,2019-01-31, Nets,Dzanan Musa, activated from IL
BullockR20190131,2019-01-31, Pistons,Reggie Bullock, activated from IL
BoucherC20190131,2019-01-31, Raptors,Chris Boucher, activated from IL
GreenD20190131,2019-01-31, Warriors,Draymond Green, activated from IL
JerebkoJ20190131,2019-01-31, Warriors,Jonas Jerebko, activated from IL
IrvingK20190201,2019-02-01, Celtics,Kyrie Irving, activated from IL
WatanabeY20190201,2019-02-01, Grizzlies,Yuta Watanabe, activated from IL
DorseyT20190201,2019-02-01, Hawks,Tyler Dorsey, activated from IL
WadeD20190201,2019-02-01, Heat,Dwyane Wade, returned to lineup
Tony(20190201,2019-02-01, Hornets,(William) Tony Parker, activated from IL
HicksI20190201,2019-02-01, Knicks,Isaiah Hicks, activated from IL
KornetL20190201,2019-02-01, Knicks,Luke Kornet, activated from IL
HartensteinI20190201,2019-02-01, Rockets,Isaiah Hartenstein, activated from IL
AdamsS20190201,2019-02-01, Thunder,Steven Adams, returned to lineup
FergusonT20190201,2019-02-01, Thunder,Terrance Ferguson, activated from IL
JohnsonA20190202,2019-02-02, 76ers,Amir Johnson, activated from IL
MiltonS20190202,2019-02-02, 76ers,Shake Milton, activated from IL
LaVineZ20190202,2019-02-02, Bulls,Zach LaVine, returned to lineup
NwabaD20190202,2019-02-02, Cavaliers,David Nwaba, activated from IL
DoncicL20190202,2019-02-02, Mavericks,Luka Doncic, returned to lineup
EvansT20190202,2019-02-02, Pacers,Tyreke Evans, activated from IL
SmithI20190202,2019-02-02, Pistons,Ishmael Smith, activated from IL
AytonD20190202,2019-02-02, Suns,Deandre Ayton, activated from IL
RoseD20190202,2019-02-02, Timberwolves,Derrick Rose, returned to lineup
ThompsonK20190202,2019-02-02, Warriors,Klay Thompson, returned to lineup
JacksonJ20190203,2019-02-03, Grizzlies,Jaren Jackson Jr., returned to lineup
ConleyM20190203,2019-02-03, Grizzlies,Mike Conley Jr., activated from IL
JordanD20190203,2019-02-03, Knicks,DeAndre Jordan, activated from IL
MatthewsW20190203,2019-02-03, Knicks,Wesley Matthews, activated from IL
BledsoeE20190204,2019-02-04, Bucks,Eric Bledsoe, returned to lineup
ParkerJ20190204,2019-02-04, Bulls,Jabari Parker, activated from IL
CunninghamD20190204,2019-02-04, Spurs,Dante Cunningham, returned to lineup
WalkerL20190204,2019-02-04, Spurs,Lonnie Walker IV, activated from IL
TrentG20190205,2019-02-05, Blazers,Gary Trent Jr., activated from IL
ZellerC20190205,2019-02-05, Hornets,Cody Zeller, activated from IL
RobinsonM20190205,2019-02-05, Knicks,Mitchell Robinson, activated from IL
LowryK20190205,2019-02-05, Raptors,Kyle Lowry, activated from IL
NaderA20190205,2019-02-05, Thunder,Abdel Nader, returned to lineup
GasolM20190206,2019-02-06, Grizzlies,Marc Gasol, returned to lineup
NetoR20190206,2019-02-06, Jazz,Raulzinho Neto, activated from IL
LeeC20190206,2019-02-06, Knicks,Courtney Lee, activated from IL
HardawayT20190206,2019-02-06, Mavericks,Tim Hardaway Jr., activated from IL
BurkeT20190206,2019-02-06, Mavericks,Trey Burke, activated from IL
CrabbeA20190206,2019-02-06, Nets,Allen Crabbe, activated from IL
HarrisJ20190206,2019-02-06, Nets,Joe Harris, returned to lineup
MurrayJ20190206,2019-02-06, Nuggets,Jamal Murray, activated from IL
DavisA20190206,2019-02-06, Pelicans,Anthony Davis, activated from IL
RandleJ20190206,2019-02-06, Pelicans,Julius Randle, activated from IL
GordonE20190206,2019-02-06, Rockets,Eric Gordon, activated from IL
RichardsonM20190206,2019-02-06, Raptors,Malachi Richardson, activated from IL
HoodR20190207,2019-02-07, Blazers,Rodney Hood, activated from IL
IrvingK20190207,2019-02-07, Celtics,Kyrie Irving, activated from IL
MorrisM20190207,2019-02-07, Celtics,Marcus Morris, returned to lineup
WilliamsR20190207,2019-02-07, Celtics,Robert Williams III, activated from IL
GallinariD20190207,2019-02-07, Clippers,Danilo Gallinari, activated from IL
AdamsJ20190207,2019-02-07, Hawks,Jaylen Adams, activated from IL
HartJ20190207,2019-02-07, Lakers,Josh Hart, returned to lineup
BirdJ20190207,2019-02-07, Celtics,Jabari Bird, activated from IL
CasspiO20190207,2019-02-07, Grizzlies,Omri Casspi, activated from IL
RedickJ20190208,2019-02-08, 76ers,J.J. Redick, activated from IL
LoveK20190208,2019-02-08, Cavaliers,Kevin Love, activated from IL
HicksI20190208,2019-02-08, Knicks,Isaiah Hicks, activated from IL
LeVertC20190208,2019-02-08, Nets,Caris LeVert, activated from IL
SmithJ20190208,2019-02-08, Pelicans,Jason Smith, activated from IL
SmithI20190208,2019-02-08, Pistons,Ishmael Smith, activated from IL
JohnsonT20190208,2019-02-08, Suns,Tyler Johnson, activated from IL
TeagueJ20190208,2019-02-08, Timberwolves,Jeff Teague, returned to lineup
StauskasN20190208,2019-02-08, Pacers,Nik Stauskas, activated from IL
MorrisM20190208,2019-02-08, Pelicans,Markieff Morris, activated from IL
MiddletonK20190209,2019-02-09, Bucks,Khris Middleton, activated from IL
TempleG20190209,2019-02-09, Clippers,Garrett Temple, activated from IL
GreenJ20190209,2019-02-09, Clippers,JaMychal Green, activated from IL
MilesC20190209,2019-02-09, Grizzlies,C.J. Miles, activated from IL
NoahJ20190209,2019-02-09, Grizzlies,Joakim Noah, returned to lineup
SefoloshaT20190209,2019-02-09, Jazz,Thabo Sefolosha, activated from IL
MooreE20190209,2019-02-09, Pelicans,E'Twaun Moore, returned to lineup
BoucherC20190209,2019-02-09, Raptors,Chris Boucher, activated from IL
LeonardK20190209,2019-02-09, Raptors,Kawhi Leonard, returned to lineup
ValanciunasJ20190209,2019-02-09, Grizzlies,Jonas Valanciunas, activated from IL
AntetokounmpoK20190209,2019-02-09, Mavericks,Kostas Antetokounmpo, returned to lineup
AbrinesA20190209,2019-02-09, Thunder,Alex Abrines, activated from IL
SimmonsJ20190210,2019-02-10, Magic,Jonathon Simmons, activated from IL
BookerD20190210,2019-02-10, Suns,Devin Booker, returned to lineup
TrentG20190211,2019-02-11, Blazers,Gary Trent Jr., activated from IL
AntetokounmpoG20190211,2019-02-11, Bucks,Giannis Antetokounmpo, activated from IL
MillsapP20190211,2019-02-11, Nuggets,Paul Millsap, activated from IL
McDermottD20190211,2019-02-11, Pacers,Doug McDermott, activated from IL
HartensteinI20190211,2019-02-11, Rockets,Isaiah Hartenstein, activated from IL
RoseD20190211,2019-02-11, Timberwolves,Derrick Rose, activated from IL
BaylessJ20190211,2019-02-11, Timberwolves,Jerryd Bayless, returned to lineup
ValanciunasJ20190212,2019-02-12, Grizzlies,Jonas Valanciunas, returned to lineup
OkaforJ20190212,2019-02-12, Pelicans,Jahlil Okafor, activated from IL
WalkerL20190212,2019-02-12, Spurs,Lonnie Walker IV, activated from IL
GayR20190212,2019-02-12, Spurs,Rudy Gay, returned to lineup
IguodalaA20190212,2019-02-12, Warriors,Andre Iguodala, activated from IL
ZizicA20190213,2019-02-13, Cavaliers,Ante Zizic, activated from IL
OsmanC20190213,2019-02-13, Cavaliers,Cedi Osman, activated from IL
ConleyM20190213,2019-02-13, Grizzlies,Mike Conley Jr., returned to lineup
MejriS20190213,2019-02-13, Mavericks,Salah Mejri, activated from IL
CarrollD20190213,2019-02-13, Nets,DeMarre Carroll, returned to lineup
ThomasI20190213,2019-02-13, Nuggets,Isaiah Thomas, activated from IL
LydonT20190213,2019-02-13, Nuggets,Tyler Lydon, activated from IL
WilliamsR20190213,2019-02-13, Celtics,Robert Williams III, returned to lineup
PoythressA20190214,2019-02-14, Hawks,Alex Poythress, activated from IL
GrahamD20190214,2019-02-14, Hornets,Devonte' Graham, activated from IL
MeltonD20190220,2019-02-20, Suns,De'Anthony Melton, activated from IL
KorkmazF20190221,2019-02-21, 76ers,Furkan Korkmaz, activated from IL
MiroticN20190221,2019-02-21, Bucks,Nikola Mirotic, activated from IL
IrvingK20190221,2019-02-21, Celtics,Kyrie Irving, activated from IL
WilliamsR20190221,2019-02-21, Celtics,Robert Williams III, activated from IL
RozierT20190221,2019-02-21, Celtics,Terry Rozier, activated from IL
JonesD20190221,2019-02-21, Heat,Derrick Jones Jr., activated from IL
HezonjaM20190221,2019-02-21, Knicks,Mario Hezonja, activated from IL
HartJ20190221,2019-02-21, Lakers,Josh Hart, returned to lineup
ChandlerT20190221,2019-02-21, Lakers,Tyson Chandler, returned to lineup
DudleyJ20190221,2019-02-21, Nets,Jared Dudley, activated from IL
KurucsR20190221,2019-02-21, Nets,Rodions Kurucs, returned to lineup
GrahamT20190221,2019-02-21, Nets,Treveon Graham, activated from IL
McCawP20190221,2019-02-21, Raptors,Patrick McCaw, activated from IL
RiversA20190221,2019-02-21, Rockets,Austin Rivers, returned to lineup
CapelaC20190221,2019-02-21, Rockets,Clint Capela, activated from IL
WigginsA20190221,2019-02-21, Timberwolves,Andrew Wiggins, activated from IL
IguodalaA20190221,2019-02-21, Warriors,Andre Iguodala, activated from IL
CousinsD20190221,2019-02-21, Warriors,DeMarcus Cousins, activated from IL
LivingstonS20190221,2019-02-21, Warriors,Shaun Livingston, activated from IL
BrownT20190221,2019-02-21, Wizards,Troy Brown Jr., activated from IL
DunnK20190222,2019-02-22, Bulls,Kris Dunn, activated from IL
ParsonsC20190222,2019-02-22, Grizzlies,Chandler Parsons, activated from IL
AdamsJ20190222,2019-02-22, Hawks,Jaylen Adams, activated from IL
Tony(20190222,2019-02-22, Hornets,(William) Tony Parker, activated from IL
BiyomboB20190222,2019-02-22, Hornets,Bismack Biyombo, activated from IL
MudiayE20190222,2019-02-22, Knicks,Emmanuel Mudiay, activated from IL
HarrisG20190222,2019-02-22, Nuggets,Gary Harris, activated from IL
PaytonE20190222,2019-02-22, Pelicans,Elfrid Payton, activated from IL
LeuerJ20190222,2019-02-22, Pistons,Jon Leuer, activated from IL
LeonardK20190222,2019-02-22, Raptors,Kawhi Leonard, returned to lineup
WhiteD20190222,2019-02-22, Spurs,Derrick White, activated from IL
SchroderD20190222,2019-02-22, Thunder,Dennis Schroder, activated from IL
GrantJ20190222,2019-02-22, Thunder,Jerami Grant, activated from IL
JonesT20190222,2019-02-22, Timberwolves,Tyus Jones, activated from IL
SatoranskyT20190222,2019-02-22, Wizards,Tomas Satoransky, activated from IL
TrentG20190223,2019-02-23, Blazers,Gary Trent Jr., activated from IL
HaywardG20190223,2019-02-23, Celtics,Gordon Hayward, activated from IL
ValanciunasJ20190223,2019-02-23, Grizzlies,Jonas Valanciunas, returned to lineup
DragicG20190223,2019-02-23, Heat,Goran Dragic, activated from IL
MuscalaM20190223,2019-02-23, Lakers,Mike Muscala, activated from IL
EvansJ20190223,2019-02-23, Warriors,Jacob Evans, activated from IL
LivingstonS20190223,2019-02-23, Warriors,Shaun Livingston, returned to lineup
HuerterK20190225,2019-02-25, Hawks,Kevin Huerter, activated from IL
DoncicL20190225,2019-02-25, Mavericks,Luka Doncic, activated from IL
KleberM20190225,2019-02-25, Mavericks,Maximilian Kleber, activated from IL
TurnerM20190225,2019-02-25, Pacers,Myles Turner, activated from IL
DavisA20190225,2019-02-25, Pelicans,Anthony Davis, activated from IL
ShumpertI20190225,2019-02-25, Rockets,Iman Shumpert, activated from IL
HardenJ20190225,2019-02-25, Rockets,James Harden, activated from IL
WhiteD20190225,2019-02-25, Spurs,Derrick White, returned to lineup
DiengG20190225,2019-02-25, Timberwolves,Gorgui Dieng, activated from IL
TownsK20190225,2019-02-25, Timberwolves,Karl-Anthony Towns, activated from IL
TrentG20190227,2019-02-27, Blazers,Gary Trent Jr., activated from IL
AntetokounmpoG20190227,2019-02-27, Bucks,Giannis Antetokounmpo, activated from IL
DunnK20190227,2019-02-27, Bulls,Kris Dunn, activated from IL
PorterO20190227,2019-02-27, Bulls,Otto Porter Jr., activated from IL
WanamakerB20190227,2019-02-27, Celtics,Brad Wanamaker, returned to lineup
MilesC20190227,2019-02-27, Grizzlies,C.J. Miles, returned to lineup
PrinceT20190227,2019-02-27, Hawks,Taurean Prince, activated from IL
JonesD20190227,2019-02-27, Heat,Derrick Jones Jr., returned to lineup
WinslowJ20190227,2019-02-27, Heat,Justise Winslow, activated from IL
McGruderR20190227,2019-02-27, Heat,Rodney McGruder, returned to lineup
MillerD20190227,2019-02-27, Pelicans,Darius Miller, activated from IL
BellJ20190227,2019-02-27, Warriors,Jordan Bell, activated from IL
BriscoeI20190228,2019-02-28, Magic,Isaiah Briscoe, activated from IL
TeagueJ20190228,2019-02-28, Timberwolves,Jeff Teague, activated from IL
CousinsD20190228,2019-02-28, Warriors,DeMarcus Cousins, activated from IL
RozierT20190301,2019-03-01, Celtics,Terry Rozier, activated from IL
DinwiddieS20190301,2019-03-01, Nets,Spencer Dinwiddie, activated from IL
KanterE20190302,2019-03-02, Blazers,Enes Kanter, activated from IL
RabbI20190302,2019-03-02, Grizzlies,Ivan Rabb, returned to lineup
JohnsonJ20190302,2019-03-02, Heat,James Johnson, activated from IL
RubioR20190302,2019-03-02, Jazz,Ricky Rubio, activated from IL
FrazierM20190302,2019-03-02, Magic,Melvin Frazier Jr., activated from IL
BurkeT20190302,2019-03-02, Mavericks,Trey Burke, activated from IL
EvansT20190302,2019-03-02, Pacers,Tyreke Evans, returned to lineup
MykhailiukS20190302,2019-03-02, Pistons,Sviatoslav Mykhailiuk, activated from IL
IguodalaA20190302,2019-03-02, Warriors,Andre Iguodala, activated from IL
DurantK20190302,2019-03-02, Warriors,Kevin Durant, activated from IL
BaynesA20190303,2019-03-03, Celtics,Aron Baynes, activated from IL
PoythressA20190303,2019-03-03, Hawks,Alex Poythress, activated from IL
LeuerJ20190303,2019-03-03, Pistons,Jon Leuer, activated from IL
GordonE20190303,2019-03-03, Rockets,Eric Gordon, returned to lineup
BrogdonM20190304,2019-03-04, Bucks,Malcolm Brogdon, activated from IL
WhitesideH20190304,2019-03-04, Heat,Hassan Whiteside, activated from IL
DavisA20190304,2019-03-04, Pelicans,Anthony Davis, activated from IL
BledsoeE20190304,2019-03-04, Bucks,Eric Bledsoe, returned to lineup
JohnsonA20190305,2019-03-05, 76ers,Amir Johnson, returned to lineup
TurnerE20190305,2019-03-05, Blazers,Evan Turner, activated from IL
YabuseleG20190305,2019-03-05, Celtics,Guerschon Yabusele, activated from IL
ConleyM20190305,2019-03-05, Grizzlies,Mike Conley Jr., returned to lineup
GeorgeP20190305,2019-03-05, Thunder,Paul George, returned to lineup
SumnerE20190305,2019-03-05, Pacers,Edmond Sumner, activated from IL
BoldenJ20190306,2019-03-06, 76ers,Jonah Bolden, returned to lineup
CollinsJ20190306,2019-03-06, Hawks,John Collins (Martin), activated from IL
PrinceT20190306,2019-03-06, Hawks,Taurean Prince, returned to lineup
JordanD20190306,2019-03-06, Knicks,DeAndre Jordan, activated from IL
StephensonL20190306,2019-03-06, Lakers,Lance Stephenson, activated from IL
AntetokounmpoK20190306,2019-03-06, Mavericks,Kostas Antetokounmpo, returned to lineup
AntetokounmpoK20190306,2019-03-06, Mavericks,Kostas Antetokounmpo, activated from IL
OkaforJ20190306,2019-03-06, Pelicans,Jahlil Okafor, activated from IL
TrentG20190307,2019-03-07, Blazers,Gary Trent Jr., activated from IL
DiVincenzoD20190307,2019-03-07, Bucks,Donte DiVincenzo, activated from IL
ZizicA20190308,2019-03-08, Cavaliers,Ante Zizic, activated from IL
NanceL20190308,2019-03-08, Cavaliers,Larry Nance Jr., activated from IL
ChandlerW20190308,2019-03-08, Clippers,Wilson Chandler, activated from IL
DragicG20190308,2019-03-08, Heat,Goran Dragic, activated from IL
UdohE20190308,2019-03-08, Jazz,Ekpe Udoh, returned to lineup
RossT20190308,2019-03-08, Magic,Terrence Ross, activated from IL
ShumpertI20190308,2019-03-08, Rockets,Iman Shumpert, returned to lineup
LooneyK20190308,2019-03-08, Warriors,Kevon Looney, activated from IL
ThompsonK20190308,2019-03-08, Warriors,Klay Thompson, activated from IL
LivingstonS20190308,2019-03-08, Warriors,Shaun Livingston, returned to lineup
PachuliaZ20190308,2019-03-08, Pistons,Zaur Pachulia, activated from IL
HillG20190309,2019-03-09, Bucks,George Hill, activated from IL
IrvingK20190309,2019-03-09, Celtics,Kyrie Irving, activated from IL
BiyomboB20190309,2019-03-09, Hornets,Bismack Biyombo, activated from IL
BertansD20190309,2019-03-09, Pelicans,Dairis Bertans, activated from IL
EmbiidJ20190310,2019-03-10, 76ers,Joel Embiid, activated from IL
DedmonD20190310,2019-03-10, Hawks,Dewayne Dedmon, activated from IL
VonlehN20190310,2019-03-10, Knicks,Noah Vonleh, returned to lineup
KleberM20190310,2019-03-10, Mavericks,Maximilian Kleber, activated from IL
NapierS20190310,2019-03-10, Nets,Shabazz Napier, activated from IL
JohnsonA20190310,2019-03-10, Pacers,Alize Johnson, returned to lineup
SabonisD20190310,2019-03-10, Pacers,Domantas Sabonis, activated from IL
DavisA20190310,2019-03-10, Pelicans,Anthony Davis, returned to lineup
LeuerJ20190310,2019-03-10, Pistons,Jon Leuer, returned to lineup
PoeltlJ20190310,2019-03-10, Spurs,Jakob Poeltl, activated from IL
ExumD20190311,2019-03-11, Jazz,Dante Exum, activated from IL
BrownB20190311,2019-03-11, Pistons,Bruce Brown, activated from IL
PachuliaZ20190311,2019-03-11, Pistons,Zaur Pachulia, returned to lineup
FariedK20190311,2019-03-11, Rockets,Kenneth Faried, returned to lineup
MarjanovicB20190312,2019-03-12, 76ers,Boban Marjanovic, activated from IL
TurnerE20190312,2019-03-12, Blazers,Evan Turner, activated from IL
TrentG20190312,2019-03-12, Blazers,Gary Trent Jr., activated from IL
KuzmaK20190312,2019-03-12, Lakers,Kyle Kuzma, activated from IL
TownsK20190312,2019-03-12, Timberwolves,Karl-Anthony Towns, activated from IL
SmithZ20190312,2019-03-12, 76ers,Zhaire Smith, activated from IL
NetoR20190313,2019-03-13, Jazz,Raulzinho Neto, activated from IL
RubioR20190313,2019-03-13, Jazz,Ricky Rubio, activated from IL
MykhailiukS20190313,2019-03-13, Pistons,Sviatoslav Mykhailiuk, activated from IL
HouseD20190313,2019-03-13, Rockets,Danuel House, activated from IL
JonesT20190313,2019-03-13, Rockets,Terrence Jones, activated from IL
DialloH20190313,2019-03-13, Thunder,Hamidou Diallo, activated from IL
TatumJ20190314,2019-03-14, Celtics,Jayson Tatum, activated from IL
BagleyM20190314,2019-03-14, Kings,Marvin Bagley III, activated from IL
LylesT20190314,2019-03-14, Nuggets,Trey Lyles, activated from IL
MorrisM20190314,2019-03-14, Thunder,Markieff Morris, returned to lineup
WigginsA20190314,2019-03-14, Timberwolves,Andrew Wiggins, activated from IL
HoodR20190315,2019-03-15, Blazers,Rodney Hood, activated from IL
HillG20190315,2019-03-15, Bucks,George Hill, returned to lineup
LaVineZ20190315,2019-03-15, Bulls,Zach LaVine, activated from IL
GallinariD20190315,2019-03-15, Clippers,Danilo Gallinari, returned to lineup
Tony(20190315,2019-03-15, Hornets,(William) Tony Parker, activated from IL
WilliamsM20190315,2019-03-15, Hornets,Marvin Williams, activated from IL
Kidd-GilchristM20190315,2019-03-15, Hornets,Michael Kidd-Gilchrist, activated from IL
BatumN20190315,2019-03-15, Hornets,Nicolas Batum, returned to lineup
AllenK20190315,2019-03-15, Knicks,Kadeem Allen, activated from IL
HezonjaM20190315,2019-03-15, Knicks,Mario Hezonja, activated from IL
StephensonL20190315,2019-03-15, Lakers,Lance Stephenson, activated from IL
GayR20190315,2019-03-15, Spurs,Rudy Gay, activated from IL
BogutA20190315,2019-03-15, Warriors,Andrew Bogut, returned to lineup
DekkerS20190315,2019-03-15, Wizards,Sam Dekker, returned to lineup
HarklessM20190316,2019-03-16, Blazers,Maurice Harkless, activated from IL
TheisD20190316,2019-03-16, Celtics,Daniel Theis, activated from IL
RozierT20190316,2019-03-16, Celtics,Terry Rozier, activated from IL
AntetokounmpoK20190316,2019-03-16, Mavericks,Kostas Antetokounmpo, activated from IL
WilliamsA20190316,2019-03-16, Nets,Alan Williams, activated from IL
CarrollD20190316,2019-03-16, Nets,DeMarre Carroll, activated from IL
GrahamT20190316,2019-03-16, Nets,Treveon Graham, activated from IL
CraigT20190316,2019-03-16, Nuggets,Torrey Craig, activated from IL
EvansT20190316,2019-03-16, Pacers,Tyreke Evans, activated from IL
EvansT20190316,2019-03-16, Pacers,Tyreke Evans, activated from IL
McRaeJ20190316,2019-03-16, Wizards,Jordan McRae, activated from IL
HartJ20190317,2019-03-17, Lakers,Josh Hart, returned to lineup
JamesL20190317,2019-03-17, Lakers,LeBron James, activated from IL
NapierS20190317,2019-03-17, Nets,Shabazz Napier, activated from IL
VanVleetF20190317,2019-03-17, Raptors,Fred VanVleet, activated from IL
RoseD20190317,2019-03-17, Timberwolves,Derrick Rose, activated from IL
TrentG20190318,2019-03-18, Blazers,Gary Trent Jr., activated from IL
YabuseleG20190318,2019-03-18, Celtics,Guerschon Yabusele, activated from IL
SefoloshaT20190318,2019-03-18, Jazz,Thabo Sefolosha, activated from IL
DoncicL20190318,2019-03-18, Mavericks,Luka Doncic, activated from IL
LowryK20190318,2019-03-18, Raptors,Kyle Lowry, activated from IL
DurantK20190318,2019-03-18, Warriors,Kevin Durant, activated from IL
BrownS20190319,2019-03-19, Bucks,Sterling Brown, activated from IL
MackS20190319,2019-03-19, Hornets,Shelvin Mack, activated from IL
ChandlerT20190319,2019-03-19, Lakers,Tyson Chandler, activated from IL
IguodalaA20190319,2019-03-19, Warriors,Andre Iguodala, activated from IL
IlyasovaE20190320,2019-03-20, Bucks,Ersan Ilyasova, returned to lineup
LoveK20190320,2019-03-20, Cavaliers,Kevin Love, returned to lineup
NanceL20190320,2019-03-20, Cavaliers,Larry Nance Jr., returned to lineup
ThompsonT20190320,2019-03-20, Cavaliers,Tristan Thompson, activated from IL
WilliamsR20190320,2019-03-20, Celtics,Robert Williams III, activated from IL
AntetokounmpoK20190320,2019-03-20, Mavericks,Kostas Antetokounmpo, activated from IL
NoelN20190320,2019-03-20, Thunder,Nerlens Noel, returned to lineup
Tony(20190321,2019-03-21, Hornets,(William) Tony Parker, activated from IL
KleberM20190321,2019-03-21, Mavericks,Maximilian Kleber, activated from IL
GriffinB20190321,2019-03-21, Pistons,Blake Griffin, activated from IL
HolmesR20190321,2019-03-21, Suns,Richaun Holmes, activated from IL
CousinsD20190321,2019-03-21, Warriors,DeMarcus Cousins, activated from IL
HillG20190322,2019-03-22, Bucks,George Hill, returned to lineup
AntetokounmpoG20190322,2019-03-22, Bucks,Giannis Antetokounmpo, returned to lineup
BrownS20190322,2019-03-22, Bucks,Sterling Brown, returned to lineup
NtilikinaF20190322,2019-03-22, Knicks,Frank Ntilikina, activated from IL
AllenK20190322,2019-03-22, Knicks,Kadeem Allen, returned to lineup
StephensonL20190322,2019-03-22, Lakers,Lance Stephenson, activated from IL
JamesL20190322,2019-03-22, Lakers,LeBron James, activated from IL
NapierS20190322,2019-03-22, Nets,Shabazz Napier, activated from IL
FariedK20190322,2019-03-22, Rockets,Kenneth Faried, returned to lineup
NoahJ20190323,2019-03-23, Grizzlies,Joakim Noah, returned to lineup
ConleyM20190323,2019-03-23, Grizzlies,Mike Conley Jr., returned to lineup
DavisA20190323,2019-03-23, Pelicans,Anthony Davis, returned to lineup
McRaeJ20190323,2019-03-23, Wizards,Jordan McRae, activated from IL
BaynesA20190324,2019-03-24, Celtics,Aron Baynes, activated from IL
HaywardG20190324,2019-03-24, Celtics,Gordon Hayward, activated from IL
MykhailiukS20190324,2019-03-24, Pistons,Sviatoslav Mykhailiuk, activated from IL
BoucherC20190324,2019-03-24, Raptors,Chris Boucher, activated from IL
LowryK20190324,2019-03-24, Raptors,Kyle Lowry, activated from IL
CurryS20190324,2019-03-24, Warriors,Stephen Curry, activated from IL
MuscalaM20190324,2019-03-24, Lakers,Mike Muscala, activated from IL
HorfordA20190326,2019-03-26, Celtics,Al Horford, activated from IL
TatumJ20190326,2019-03-26, Celtics,Jayson Tatum, activated from IL
Tony(20190326,2019-03-26, Hornets,(William) Tony Parker, activated from IL
Kidd-GilchristM20190326,2019-03-26, Hornets,Michael Kidd-Gilchrist, activated from IL
MejriS20190326,2019-03-26, Mavericks,Salah Mejri, activated from IL
HartensteinI20190326,2019-03-26, Rockets,Isaiah Hartenstein, activated from IL
ArizaT20190326,2019-03-26, Wizards,Trevor Ariza, activated from IL
ConleyM20190327,2019-03-27, Grizzlies,Mike Conley Jr., returned to lineup
BullockR20190327,2019-03-27, Lakers,Reggie Bullock, activated from IL
CollisonD20190327,2019-03-27, Pacers,Darren Collison, activated from IL
SimmonsB20190328,2019-03-28, 76ers,Ben Simmons, activated from IL
ShametL20190328,2019-03-28, Clippers,Landry Shamet, activated from IL
SmithD20190328,2019-03-28, Knicks,Dennis Smith Jr., activated from IL
FrazierM20190328,2019-03-28, Magic,Melvin Frazier Jr., activated from IL
BeasleyM20190328,2019-03-28, Nuggets,Malik Beasley, activated from IL
SnellT20190328,2019-03-28, Bucks,Tony Snell, activated from IL
FariedK20190328,2019-03-28, Rockets,Kenneth Faried, activated from IL
WilliamsR20190329,2019-03-29, Celtics,Robert Williams III, activated from IL
BatumN20190329,2019-03-29, Hornets,Nicolas Batum, activated from IL
JamesL20190329,2019-03-29, Lakers,LeBron James, activated from IL
MuscalaM20190329,2019-03-29, Lakers,Mike Muscala, returned to lineup
EnnisJ20190330,2019-03-30, 76ers,James Ennis, activated from IL
BeverleyP20190330,2019-03-30, Clippers,Patrick Beverley, activated from IL
JacksonJ20190330,2019-03-30, Suns,Josh Jackson, activated from IL
GallinariD20190331,2019-03-31, Clippers,Danilo Gallinari, activated from IL
BjelicaN20190331,2019-03-31, Kings,Nemanja Bjelica, returned to lineup
BullockR20190331,2019-03-31, Lakers,Reggie Bullock, returned to lineup
AntetokounmpoK20190331,2019-03-31, Mavericks,Kostas Antetokounmpo, activated from IL
AntetokounmpoG20190401,2019-04-01, Bucks,Giannis Antetokounmpo, returned to lineup
HorfordA20190401,2019-04-01, Celtics,Al Horford, activated from IL
IrvingK20190401,2019-04-01, Celtics,Kyrie Irving, activated from IL
MykhailiukS20190401,2019-04-01, Pistons,Sviatoslav Mykhailiuk, activated from IL
LeonardK20190401,2019-04-01, Raptors,Kawhi Leonard, activated from IL
HolmesR20190401,2019-04-01, Suns,Richaun Holmes, activated from IL
BagleyM20190402,2019-04-02, Kings,Marvin Bagley III, activated from IL
GreenG20190402,2019-04-02, Rockets,Gerald Green (b. 1986-01-26), activated from IL
FariedK20190402,2019-04-02, Rockets,Kenneth Faried, returned to lineup
ButlerJ20190403,2019-04-03, 76ers,Jimmy Butler, activated from IL
PrinceT20190403,2019-04-03, Hawks,Taurean Prince, activated from IL
RichardsonJ20190403,2019-04-03, Heat,Josh Richardson, returned to lineup
WinslowJ20190403,2019-04-03, Heat,Justise Winslow, activated from IL
McGruderR20190403,2019-04-03, Heat,Rodney McGruder, activated from IL
DoncicL20190403,2019-04-03, Mavericks,Luka Doncic, activated from IL
JohnsonA20190403,2019-04-03, Pacers,Alize Johnson, activated from IL
KennardL20190403,2019-04-03, Pistons,Luke Kennard, activated from IL
GreenG20190403,2019-04-03, Rockets,Gerald Green (b. 1986-01-26), returned to lineup
IlyasovaE20190404,2019-04-04, Bucks,Ersan Ilyasova, returned to lineup
MiddletonK20190404,2019-04-04, Bucks,Khris Middleton, returned to lineup
ChandlerT20190404,2019-04-04, Lakers,Tyson Chandler, activated from IL
MorrisM20190405,2019-04-05, Celtics,Marcus Morris, activated from IL
JonesD20190405,2019-04-05, Heat,Derrick Jones Jr., activated from IL
CrowderJ20190405,2019-04-05, Jazz,Jae Crowder, activated from IL
RubioR20190405,2019-04-05, Jazz,Ricky Rubio, activated from IL
Finney-SmithD20190405,2019-04-05, Mavericks,Dorian Finney-Smith, activated from IL
MatthewsW20190405,2019-04-05, Pacers,Wesley Matthews, activated from IL
GriffinB20190405,2019-04-05, Pistons,Blake Griffin, activated from IL
AnunobyO20190405,2019-04-05, Raptors,Ogugua Anunoby, activated from IL
RobinsonD20190405,2019-04-05, Wizards,Devin Robinson, returned to lineup
McCollumC20190407,2019-04-07, Blazers,C.J. McCollum, activated from IL
CurryS20190407,2019-04-07, Blazers,Seth Curry, returned to lineup
AntetokounmpoG20190407,2019-04-07, Bucks,Giannis Antetokounmpo, returned to lineup
LoveK20190407,2019-04-07, Cavaliers,Kevin Love, returned to lineup
BrownJ20190407,2019-04-07, Celtics,Jaylen Brown, activated from IL
BazemoreK20190407,2019-04-07, Hawks,Kent Bazemore, activated from IL
HuerterK20190407,2019-04-07, Hawks,Kevin Huerter, returned to lineup
Cauley-SteinW20190407,2019-04-07, Kings,Willie Cauley-Stein, activated from IL
SmithD20190407,2019-04-07, Knicks,Dennis Smith Jr., activated from IL
HicksI20190407,2019-04-07, Knicks,Isaiah Hicks, activated from IL
CollisonD20190407,2019-04-07, Pacers,Darren Collison, activated from IL
BelinelliM20190407,2019-04-07, Spurs,Marco Belinelli, activated from IL
RichardL20190407,2019-04-07, Clippers,Luc Richard Mbah a Moute, activated from IL
KorkmazF20190409,2019-04-09, 76ers,Furkan Korkmaz, activated from IL
ButlerJ20190409,2019-04-09, 76ers,Jimmy Butler, activated from IL
StauskasN20190409,2019-04-09, Cavaliers,Nik Stauskas, returned to lineup
YabuseleG20190409,2019-04-09, Celtics,Guerschon Yabusele, activated from IL
AndersonR20190409,2019-04-09, Heat,Ryan Anderson, returned to lineup
WilliamsM20190409,2019-04-09, Hornets,Marvin Williams, activated from IL
FavorsD20190409,2019-04-09, Jazz,Derrick Favors, activated from IL
AntetokounmpoK20190409,2019-04-09, Mavericks,Kostas Antetokounmpo, activated from IL
DoncicL20190409,2019-04-09, Mavericks,Luka Doncic, activated from IL
KleberM20190409,2019-04-09, Mavericks,Maximilian Kleber, activated from IL
Mike(20190410,2019-04-10, 76ers,(James) Mike Scott, activated from IL
TrentG20190410,2019-04-10, Blazers,Gary Trent Jr., activated from IL
GallinariD20190410,2019-04-10, Clippers,Danilo Gallinari, returned to lineup
GreenJ20190410,2019-04-10, Clippers,JaMychal Green, activated from IL
BeverleyP20190410,2019-04-10, Clippers,Patrick Beverley, activated from IL
Kidd-GilchristM20190410,2019-04-10, Hornets,Michael Kidd-Gilchrist, activated from IL
MackS20190410,2019-04-10, Hornets,Shelvin Mack, activated from IL
ThomasL20190410,2019-04-10, Knicks,Lance Thomas, activated from IL
HezonjaM20190410,2019-04-10, Knicks,Mario Hezonja, returned to lineup
LeeC20190410,2019-04-10, Mavericks,Courtney Lee, activated from IL
WilliamsA20190410,2019-04-10, Nets,Alan Williams, activated from IL
EvansT20190410,2019-04-10, Pacers,Tyreke Evans, activated from IL
IguodalaA20190410,2019-04-10, Warriors,Andre Iguodala, activated from IL
DurantK20190410,2019-04-10, Warriors,Kevin Durant, activated from IL
ThompsonK20190410,2019-04-10, Warriors,Klay Thompson, activated from IL
GibsonT20190410,2019-04-10, Timberwolves,Taj Gibson, activated from IL
SimmonsB20190412,2019-04-12, 76ers,Ben Simmons, activated from IL
RedickJ20190412,2019-04-12, 76ers,J.J. Redick, activated from IL
ButlerJ20190412,2019-04-12, 76ers,Jimmy Butler, activated from IL
VucevicN20190412,2019-04-12, Magic,Nikola Vucevic, returned to lineup
CarrollD20190412,2019-04-12, Nets,DeMarre Carroll, activated from IL
HarrisJ20190412,2019-04-12, Nets,Joe Harris, activated from IL
GreenD20190412,2019-04-12, Warriors,Draymond Green, activated from IL
LivingstonS20190412,2019-04-12, Warriors,Shaun Livingston, activated from IL
CurryS20190412,2019-04-12, Warriors,Stephen Curry, activated from IL
EmbiidJ20190413,2019-04-13, 76ers,Joel Embiid, activated from IL
BoldenJ20190413,2019-04-13, 76ers,Jonah Bolden, returned to lineup
BaynesA20190413,2019-04-13, Celtics,Aron Baynes, activated from IL
HaywardG20190413,2019-04-13, Celtics,Gordon Hayward, activated from IL
TatumJ20190413,2019-04-13, Celtics,Jayson Tatum, returned to lineup
IrvingK20190413,2019-04-13, Celtics,Kyrie Irving, activated from IL
IsaacJ20190413,2019-04-13, Magic,Jonathan Isaac, activated from IL
TurnerM20190413,2019-04-13, Pacers,Myles Turner, activated from IL
MatthewsW20190413,2019-04-13, Pacers,Wesley Matthews, activated from IL
MiroticN20190414,2019-04-14, Bucks,Nikola Mirotic, activated from IL
HorfordA20190414,2019-04-14, Celtics,Al Horford, activated from IL
MorrisM20190414,2019-04-14, Celtics,Marcus Morris, activated from IL
MitchellD20190414,2019-04-14, Jazz,Donovan Mitchell, activated from IL
KorverK20190414,2019-04-14, Jazz,Kyle Korver, activated from IL
NetoR20190414,2019-04-14, Jazz,Raulzinho Neto, activated from IL
RubioR20190414,2019-04-14, Jazz,Ricky Rubio, activated from IL
GobertR20190414,2019-04-14, Jazz,Rudy Gobert, activated from IL
BogdanovicB20190414,2019-04-14, Pacers,Bojan Bogdanovic, returned to lineup
YoungT20190414,2019-04-14, Pacers,Thaddeus Young, returned to lineup
GeorgeP20190414,2019-04-14, Thunder,Paul George, activated from IL
BrogdonM20190414,2019-04-14, Bucks,Malcolm Brogdon, activated from IL
EnnisJ20190415,2019-04-15, 76ers,James Ennis, activated from IL
DudleyJ20190418,2019-04-18, Nets,Jared Dudley, activated from IL
McCawP20190419,2019-04-19, Raptors,Patrick McCaw, activated from IL
EmbiidJ20190420,2019-04-20, 76ers,Joel Embiid, returned to lineup
SnellT20190420,2019-04-20, Bucks,Tony Snell, returned to lineup
GriffinB20190420,2019-04-20, Pistons,Blake Griffin, activated from IL
SmithZ20190427,2019-04-27, 76ers,Zhaire Smith, activated from IL
YabuseleG20190428,2019-04-28, Celtics,Guerschon Yabusele, activated from IL
RiversA20190430,2019-04-30, Rockets,Austin Rivers, activated from IL
Mike(20190502,2019-05-02, 76ers,(James) Mike Scott, activated from IL
LinJ20190505,2019-05-05, Raptors,Jeremy Lin, activated from IL
SmartM20190506,2019-05-06, Celtics,Marcus Smart, activated from IL
BrogdonM20190508,2019-05-08, Bucks,Malcolm Brogdon, returned to lineup
HouseD20190508,2019-05-08, Rockets,Danuel House, activated from IL
HouseD20190510,2019-05-10, Rockets,Danuel House, returned to lineup
FariedK20190510,2019-05-10, Rockets,Kenneth Faried, returned to lineup
JonesD20190514,2019-05-14, Warriors,Damian Jones, activated from IL
BoucherC20190515,2019-05-15, Raptors,Chris Boucher, activated from IL
WilsonD20190517,2019-05-17, Bucks,D.J. Wilson, returned to lineup
WilsonD20190521,2019-05-21, Bucks,D.J. Wilson, returned to lineup
McCawP20190525,2019-05-25, Raptors,Patrick McCaw, activated from IL
IguodalaA20190530,2019-05-30, Warriors,Andre Iguodala, activated from IL
CousinsD20190530,2019-05-30, Warriors,DeMarcus Cousins, activated from IL
AnunobyO20190602,2019-06-02, Raptors,Ogugua Anunoby, activated from IL
LooneyK20190607,2019-06-07, Warriors,Kevon Looney, activated from IL
ThompsonK20190607,2019-06-07, Warriors,Klay Thompson, returned to lineup
DurantK20190610,2019-06-10, Warriors,Kevin Durant, activated from IL
